Order;Block;Name;Tags;Plugin;LocalID;EditorID;AltCandidates
1;All Ingredients;Abecean Longfin;;Skyrim.esm;106E1B;CritterPondFish02Ingredient;
2;All Ingredients;Alocasia Fruit;AE|Rare Curios;ccbgssse037-curios.esl;000D62;ccBGSSSE037_AlocasiaFruit;
3;All Ingredients;Aloe Vera Leaves;;_ResourcePack.esl;0000D0;RP_AloeVeraLeaves01;
4;All Ingredients;Ambrosia;AE|Rare Curios;ccbgssse037-curios.esl;000836;ccBGSSSE037_Ambrosia;
5;All Ingredients;Ancestor Moth Wing;Dawnguard;Dawnguard.esm;0059BA;DLC01MothWingAncestor;
6;All Ingredients;Angelfish;AE;ccbgssse001-fish.esm;0008EB;ccBGSSSE001_AngelfishIng;
7;All Ingredients;Angler Larvae;AE;ccbgssse001-fish.esm;0008F0;ccBGSSSE001_AnglerLarvaeIng;
8;All Ingredients;Ash Creep Cluster;Dragonborn;Dragonborn.esm;01CD74;DLC2AshCreepCluster;
9;All Ingredients;Ash Hopper Jelly;Dragonborn;Dragonborn.esm;01CD71;DLC2AshHopperJelly;
10;All Ingredients;Ashen Grass Pod;Dragonborn;Dragonborn.esm;016E26;DLC2SpikyGrassAsh01;
11;All Ingredients;Aster Bloom Core;AE|Rare Curios;ccbgssse037-curios.esl;000D66;ccBGSSSE037_AsterBloomCore;
12;All Ingredients;Bear Claws;;Skyrim.esm;06BC02;BearClaws;
13;All Ingredients;Bee;;Skyrim.esm;0A9195;CritterBeeIngredient;
14;All Ingredients;Beehive Husk;;Skyrim.esm;0A9191;BeeHiveHusk;
15;All Ingredients;Bittergreen Petals;AE|Rare Curios;ccbgssse037-curios.esl;000D68;ccBGSSSE037_BittergreenPetals;
16;All Ingredients;Bleeding Crown;;Skyrim.esm;04DA20;Mushroom02;
17;All Ingredients;Blind Watcher's Eye;AE|Rare Curios;ccbgssse037-curios.esl;000822;ccBGSSSE037_WatchersEyeBlind;
18;All Ingredients;Bliss Bug Thorax;AE;ccbgssse025-advdsgs.esm;059155;ccBGSSSE025_Blissbug;
19;All Ingredients;Blister Pod Cap;AE|Rare Curios;ccbgssse037-curios.esl;000D6A;ccBGSSSE037_BlisterPodCap;
20;All Ingredients;Blisterwort;;Skyrim.esm;04DA25;Mushroom06;
21;All Ingredients;Bloodgrass;AE;ccbgssse067-daedinv.esm;024C13;ccBGSSSE067_IngredientBloodgrass;
22;All Ingredients;Blue Butterfly Wing;;Skyrim.esm;0727DE;MothWingBlue;
23;All Ingredients;Blue Dartwing;;Skyrim.esm;0E4F0C;DragonflyBlue;
24;All Ingredients;Blue Mountain Flower;;Skyrim.esm;077E1C;MountainFlower01Blue;
25;All Ingredients;Boar Tusk;Dragonborn;Dragonborn.esm;01CD6F;DLC2BoarTusk;
26;All Ingredients;Bog Beacon;AE|Rare Curios;ccbgssse037-curios.esl;000D6C;ccBGSSSE037_BogBeacon;
27;All Ingredients;Bone Meal;;Skyrim.esm;034CDD;BoneMeal;
28;All Ingredients;Briar Heart;;Skyrim.esm;03AD61;BriarHeart;
29;All Ingredients;Bungler's Bane;AE|Rare Curios;ccbgssse037-curios.esl;000802;ccBGSSSE037_BunglersBane;
30;All Ingredients;Burnt Spriggan Wood;Dragonborn;Dragonborn.esm;01CD6E;DLC2BurntSprigganWood;
31;All Ingredients;Butterfly Wing;;Skyrim.esm;0727E0;MothWingMonarch;
32;All Ingredients;Canis Root;;Skyrim.esm;06ABCB;CanisRoot01;
33;All Ingredients;Charred Skeever Hide;;Skyrim.esm;052695;CharredSkeeverHide;
34;All Ingredients;Chaurus Eggs;;Skyrim.esm;03AD56;ChaurusEggs;
35;All Ingredients;Chaurus Hunter Antennae;Dawnguard;Dawnguard.esm;0183B7;DLC01ChaurusHunterAntennae;
36;All Ingredients;Chicken's Egg;;Skyrim.esm;023D77;BirdEgg03;
37;All Ingredients;Chokeberry;AE|Rare Curios;ccbgssse037-curios.esl;000838;ccBGSSSE037_Chokeberry;
38;All Ingredients;Chokeweed;AE|Rare Curios;ccbgssse037-curios.esl;000804;ccBGSSSE037_Chokeweed;
39;All Ingredients;Coda Flower;AE|Rare Curios;ccbgssse037-curios.esl;000805;ccBGSSSE037_CodaFlower;
40;All Ingredients;Comberry;AE|Rare Curios;ccbgssse037-curios.esl;000806;ccBGSSSE037_Comberry;
41;All Ingredients;Congealed Putrescence;AE|Rare Curios;ccbgssse037-curios.esl;000807;ccBGSSSE037_CongealedPutrescence;
42;All Ingredients;Corkbulb Root;AE|Rare Curios;ccbgssse037-curios.esl;000809;ccBGSSSE037_CorkbulbRoot;
43;All Ingredients;Creep Cluster;;Skyrim.esm;0B2183;CreepClusterRoot;
44;All Ingredients;Crimson Nirnroot;;Skyrim.esm;0B701A;NirnrootRed;
45;All Ingredients;Cyrodilic Spadetail;;Skyrim.esm;106E19;CritterPondFish04Ingredient;
46;All Ingredients;Daedra Heart;;Skyrim.esm;03AD5B;DaedraHeart;
47;All Ingredients;Daedra Silk;AE|Rare Curios;ccbgssse037-curios.esl;00080A;ccBGSSSE037_DaedraSilk;
48;All Ingredients;Daedra Venin;AE|Rare Curios;ccbgssse037-curios.esl;00080B;ccBGSSSE037_DaedraVenin;
49;All Ingredients;Daedroth Teeth;AE|Rare Curios;ccbgssse037-curios.esl;000826;ccBGSSSE037_DaedrothTeeth;
50;All Ingredients;Deathbell;;Skyrim.esm;0516C8;deathBell;
51;All Ingredients;Dragon's Tongue;;Skyrim.esm;0889A2;DragonsTongue;
52;All Ingredients;Dreugh Wax;AE|Rare Curios;ccbgssse037-curios.esl;000827;ccBGSSSE037_DreughWax;
53;All Ingredients;Dwarven Oil;;Skyrim.esm;0F11C0;DwarvenOil;
54;All Ingredients;Ectoplasm;;Skyrim.esm;03AD63;Ectoplasm;
55;All Ingredients;Elves Ear;;Skyrim.esm;034D31;ElvesEar;
56;All Ingredients;Elytra Ichor;AE|Rare Curios;ccbgssse037-curios.esl;000828;ccBGSSSE037_ElytraIchor;
57;All Ingredients;Emperor Parasol Moss;Dragonborn;Dragonborn.esm;01FF75;DLC2HangingMoss;
58;All Ingredients;Eye of Sabre Cat;;Skyrim.esm;06BC07;SabrecatEyeball;
59;All Ingredients;Falmer Ear;;Skyrim.esm;03AD5D;FalmerEar;
60;All Ingredients;Felsaad Tern Feathers;Dragonborn;Dragonborn.esm;03CD8E;DLC2TernFeathers;
61;All Ingredients;Fire Petal;AE|Rare Curios;ccbgssse037-curios.esl;000829;ccBGSSSE037_FirePetal;
62;All Ingredients;Fire Salts;;Skyrim.esm;03AD5E;FireSalts;
63;All Ingredients;Flame Stalk;AE|Rare Curios;ccbgssse037-curios.esl;00082A;ccBGSSSE037_FlameStalk;ccbgssse025-advdsgs.esm:095E23=ccBGSSSE025_FlameStalk
64;All Ingredients;Fly Amanita;;Skyrim.esm;04DA00;Mushroom01;
65;All Ingredients;Frost Mirriam;;Skyrim.esm;034D32;FrostMirriam;
66;All Ingredients;Frost Salts;;Skyrim.esm;03AD5F;FrostSalts;
67;All Ingredients;Fungus Stalk;AE|Rare Curios;ccbgssse037-curios.esl;00082B;ccBGSSSE037_FungusStalk;
68;All Ingredients;Garlic;;Skyrim.esm;034D22;Garlic;
69;All Ingredients;Giant Lichen;;Skyrim.esm;07E8C1;GiantLichen;
70;All Ingredients;Giant's Toe;;Skyrim.esm;03AD64;GiantToes;
71;All Ingredients;Glassfish;AE;ccbgssse001-fish.esm;0008EE;ccBGSSSE001_GlassfishIng;
72;All Ingredients;Gleamblossom;Dawnguard;Dawnguard.esm;00B097;DLC01GlowPlant01Ingredient;
73;All Ingredients;Glow Dust;;Skyrim.esm;03AD73;glowDust;
74;All Ingredients;Glowing Mushroom;;Skyrim.esm;07EE01;GlowingMushroom;
75;All Ingredients;Gnarl Bark;AE|Rare Curios;ccbgssse037-curios.esl;00082C;ccBGSSSE037_GnarlBark;
76;All Ingredients;Gold Kanet;AE|Rare Curios;ccbgssse037-curios.esl;00082D;ccBGSSSE037_GoldKanet;
77;All Ingredients;Goldfish;AE;ccbgssse001-fish.esm;0008EF;ccBGSSSE001_GoldfishIng;
78;All Ingredients;Grass Pod;;Skyrim.esm;083E64;SpikyGrass01;
79;All Ingredients;Green Butterfly Wing;AE;ccbgssse025-advdsgs.esm;059151;ccBGSSSE025_GreenButterfly;
80;All Ingredients;Hackle-Lo Leaf;AE|Rare Curios;ccbgssse037-curios.esl;00082E;ccBGSSSE037_HackleLoLeaf;
81;All Ingredients;Hagraven Claw;;Skyrim.esm;06B689;HagravenClaw;
82;All Ingredients;Hagraven Feathers;;Skyrim.esm;03AD66;HagravenFeathers;
83;All Ingredients;Hanging Moss;;Skyrim.esm;057F91;HangingMoss;
84;All Ingredients;Harrada;AE;ccbgssse067-daedinv.esm;024C11;ccBGSSSE067_IngredientHarrada;
85;All Ingredients;Hawk Beak;;Skyrim.esm;0E7EBC;HawkBeak;
86;All Ingredients;Hawk Feathers;;Skyrim.esm;0E7ED0;HawkFeathers;
87;All Ingredients;Hawk's Egg;Hearthfire;HearthFires.esm;00F1CC;BYOHHawkEgg01;
88;All Ingredients;Heart of Order;AE|Rare Curios;ccbgssse037-curios.esl;000851;ccBGSSSE037_HeartofOrderIngredient;
89;All Ingredients;Histcarp;;Skyrim.esm;106E18;CritterPondFish05Ingredient;
90;All Ingredients;Honeycomb;;Skyrim.esm;0B08C5;BeeHoneyComb;
91;All Ingredients;Human Flesh;;Skyrim.esm;1016B3;HumanFlesh;
92;All Ingredients;Human Heart;;Skyrim.esm;0B18CD;HumanHeart;
93;All Ingredients;Hunger Tongue;AE|Rare Curios;ccbgssse037-curios.esl;00080C;ccBGSSSE037_HungerTongue;
94;All Ingredients;Hydnum Azure Giant Spore;AE|Rare Curios;ccbgssse037-curios.esl;00080D;ccBGSSSE037_HydnumAzureGiantSpore;
95;All Ingredients;Hypha Facia;AE|Rare Curios;ccbgssse037-curios.esl;00080E;ccBGSSSE037_HyphaFacia;
96;All Ingredients;Ice Wraith Teeth;;Skyrim.esm;03AD6A;IceWraithTeeth;
97;All Ingredients;Imp Gall;AE|Rare Curios;ccbgssse037-curios.esl;00080F;ccBGSSSE037_ImpGall;
98;All Ingredients;Imp Stool;;Skyrim.esm;04DA23;Mushroom04;
99;All Ingredients;Ironwood Fruit;AE;cckrtsse001_altar.esl;000F0F;ccKRTSSE001_IronwoodNut;
100;All Ingredients;Jazbay Grapes;;Skyrim.esm;06AC4A;JazBay;
101;All Ingredients;Juniper Berries;;Skyrim.esm;05076E;JuniperBerries;
102;All Ingredients;Juvenile Mudcrab;AE;ccbgssse001-fish.esm;0008F2;ccBGSSSE001_JuvenileMudcrabIng;
103;All Ingredients;Kagouti Hide;AE|Rare Curios;ccbgssse037-curios.esl;000810;ccBGSSSE037_KagoutiHide;
104;All Ingredients;Kresh Fiber;AE|Rare Curios;ccbgssse037-curios.esl;000811;ccBGSSSE037_KreshFiber;
105;All Ingredients;Large Antlers;;Skyrim.esm;06BC0A;AntlersLarge;
106;All Ingredients;Lavender;;Skyrim.esm;045C28;Lavender;
107;All Ingredients;Lichor;AE|Rare Curios;ccbgssse037-curios.esl;000837;ccBGSSSE037_Lichor;
108;All Ingredients;Luminous Russula;AE|Rare Curios;ccbgssse037-curios.esl;000813;ccBGSSSE037_LuminousRussula;
109;All Ingredients;Luna Moth Wing;;Skyrim.esm;0727DF;MothWingLuna;
110;All Ingredients;Lyretail Anthias;AE;ccbgssse001-fish.esm;0008F1;ccBGSSSE001_LyretailAnthiasIng;
111;All Ingredients;Marshmerrow;AE|Rare Curios;ccbgssse037-curios.esl;000814;ccBGSSSE037_Marshmerrow;
112;All Ingredients;Minotaur Horn;AE|Rare Curios;ccbgssse037-curios.esl;000815;ccBGSSSE037_MinotaurHorn;
113;All Ingredients;Moon Sugar;;Skyrim.esm;0D8E3F;MoonSugar;
114;All Ingredients;Mora Tapinella;;Skyrim.esm;0EC870;MoraTapinellaBits;
115;All Ingredients;Mort Flesh;AE;ccbgssse003-zombies.esl;00080C;ccBGSSSE003_MortFlesh;
116;All Ingredients;Mudcrab Chitin;;Skyrim.esm;06BC00;MudcrabChitin;
117;All Ingredients;Namira's Rot;;Skyrim.esm;04DA24;Mushroom05;
118;All Ingredients;Netch Jelly;Dragonborn;Dragonborn.esm;01CD72;DLC2NetchJelly;
119;All Ingredients;Nightshade;;Skyrim.esm;02F44C;Nightshade;cceejsse005-cave.esm:042A61=ccEEJSSE005_Nightshade
120;All Ingredients;Nirnroot;;Skyrim.esm;059B86;Nirnroot;
121;All Ingredients;Nordic Barnacle;;Skyrim.esm;07EDF5;NordicBarnacles;
122;All Ingredients;Ogre's Teeth;AE|Rare Curios;ccbgssse037-curios.esl;000816;ccBGSSSE037_OgresTeeth;
123;All Ingredients;Orange Dartwing;;Skyrim.esm;0BB956;DragonflyOrange;
124;All Ingredients;Pearl;;Skyrim.esm;0854FE;Pearl;
125;All Ingredients;Pearlfish;AE;ccbgssse001-fish.esm;0008EC;ccBGSSSE001_PearlfishIng;
126;All Ingredients;Pine Thrush Egg;;Skyrim.esm;023D6F;BirdEgg02;
127;All Ingredients;Poison Bloom;Dawnguard;Dawnguard.esm;0185FB;DLC01PoisonBloom;
128;All Ingredients;Powdered Mammoth Tusk;;Skyrim.esm;06BC10;PowderedMammothTusk;
129;All Ingredients;Purple Butterfly Wing;AE;ccbgssse025-advdsgs.esm;059153;ccBGSSSE025_PurpleButterfly;
130;All Ingredients;Purple Mountain Flower;;Skyrim.esm;077E1E;MountainFlower01Purple;
131;All Ingredients;Pygmy Sunfish;AE;ccbgssse001-fish.esm;0008ED;ccBGSSSE001_PygmySunfishIng;
132;All Ingredients;Red Kelp Gas Bladder;AE|Rare Curios;ccbgssse037-curios.esl;000817;ccBGSSSE037_RedKelpGasBladder;
133;All Ingredients;Red Mountain Flower;;Skyrim.esm;077E1D;MountainFlower01Red;
134;All Ingredients;Redwort Flower;AE|Rare Curios;ccbgssse037-curios.esl;000818;ccBGSSSE037_Redwort;
135;All Ingredients;River Betty;;Skyrim.esm;106E1A;CritterPondFish03Ingredient;
136;All Ingredients;Rock Warbler Egg;;Skyrim.esm;07E8C8;BirdEgg01;
137;All Ingredients;Roobrush;AE|Rare Curios;ccbgssse037-curios.esl;000819;ccBGSSSE037_Roobrush;
138;All Ingredients;Rot Scale;AE;Update.esm;00306D;ccBGS_RootRotScaleIngredient;
139;All Ingredients;Sabre Cat Tooth;;Skyrim.esm;06BC04;SabrecatTooth;
140;All Ingredients;Salmon Roe;Hearthfire;HearthFires.esm;003545;BYOHSalmonRoe01;
141;All Ingredients;Salt Pile;;Skyrim.esm;034CDF;SaltPile;
142;All Ingredients;Saltrice;AE|Rare Curios;ccbgssse037-curios.esl;00081A;ccBGSSSE037_Saltrice;
143;All Ingredients;Scalon Fin;AE|Rare Curios;ccbgssse037-curios.esl;00081B;ccBGSSSE037_ScalonFin;
144;All Ingredients;Scaly Pholiota;;Skyrim.esm;06F950;ScalyPholiotaBits;
145;All Ingredients;Scathecraw;Dragonborn;Dragonborn.esm;017E97;DLC2Scathecraw01;
146;All Ingredients;Screaming Maw;AE;Update.esm;00306E;ccBGS_RootScreamingMawIngredient;
147;All Ingredients;Scrib Jelly;AE|Rare Curios;ccbgssse037-curios.esl;00081C;ccBGSSSE037_ScribJelly;
148;All Ingredients;Scrib Jerky;AE|Rare Curios;ccbgssse037-curios.esl;00081D;ccBGSSSE037_ScribJerky;
149;All Ingredients;Silverside Perch;;Skyrim.esm;106E1C;CritterPondFish01Ingredient;
150;All Ingredients;Skeever Tail;;Skyrim.esm;03AD6F;SkeeverTail;
151;All Ingredients;Slaughterfish Egg;;Skyrim.esm;07E8C5;SlaughterfishEgg01;
152;All Ingredients;Slaughterfish Scales;;Skyrim.esm;03AD70;SlaughterfishScales;
153;All Ingredients;Sload Soap;AE|Rare Curios;ccbgssse037-curios.esl;00081E;ccBGSSSE037_SloadSoap;
154;All Ingredients;Small Antlers;;Skyrim.esm;06BC0B;AntlersSmall;
155;All Ingredients;Small Pearl;;Skyrim.esm;085500;PearlSmall;
156;All Ingredients;Snowberries;;Skyrim.esm;01B3BD;Snowberry;
157;All Ingredients;Spadefish;AE;ccbgssse001-fish.esm;0008F3;ccBGSSSE001_PinnateSpadefishIng;
158;All Ingredients;Spawn Ash;Dragonborn;Dragonborn.esm;01CD6D;DLC2GhoulAsh;
159;All Ingredients;Spiddal Stick;AE;ccbgssse067-daedinv.esm;024C15;ccBGSSSE067_IngredientSpiddalStick;
160;All Ingredients;Spider Egg;;Skyrim.esm;09151B;SpiderEgg;
161;All Ingredients;Spriggan Sap;;Skyrim.esm;063B5F;SprigganSap;
162;All Ingredients;Steel-Blue Entoloma;AE;ccbgssse040-advobgobs.esl;000832;ccBGSSSE040_Mushroom01;
163;All Ingredients;Stoneflower Petals;AE|Rare Curios;ccbgssse037-curios.esl;00081F;ccBGSSSE037_StoneflowerPetals;
164;All Ingredients;Swamp Fungal Pod;;Skyrim.esm;07E8B7;SwampFungalPod01;
165;All Ingredients;Taproot;;Skyrim.esm;03AD71;Taproot;
166;All Ingredients;Thistle Branch;;Skyrim.esm;0134AA;Thistle01;
167;All Ingredients;Thorn Hook;AE;Update.esm;00306F;ccBGS_RootThornHookIngredient;
168;All Ingredients;Torchbug Thorax;;Skyrim.esm;04DA73;FireflyThorax;
169;All Ingredients;Trama Root;Dragonborn;Dragonborn.esm;017008;DLC2TramaRoot01;
170;All Ingredients;Troll Fat;;Skyrim.esm;03AD72;TrollFat;
171;All Ingredients;Tundra Cotton;;Skyrim.esm;03F7F8;TundraCotton;
172;All Ingredients;Vampire Dust;;Skyrim.esm;03AD76;vampireDust;
173;All Ingredients;Void Essence;AE|Rare Curios;ccbgssse037-curios.esl;000820;ccBGSSSE037_VoidEssence;
174;All Ingredients;Void Salts;;Skyrim.esm;03AD60;VoidSalts;
175;All Ingredients;Watcher's Eye;AE|Rare Curios;ccbgssse037-curios.esl;000821;ccBGSSSE037_WatchersEye;
176;All Ingredients;Wheat;;Skyrim.esm;04B0BA;Wheat;
177;All Ingredients;White Cap;;Skyrim.esm;04DA22;Mushroom03;
178;All Ingredients;Wild Grass Pod;AE;cctwbsse001-puzzledungeon.esm;019D3A;DLCDwarvenPuzzleDungeonSpikyGrassPod01;
179;All Ingredients;Wisp Stalk Caps;AE|Rare Curios;ccbgssse037-curios.esl;000823;ccBGSSSE037_WispStalkCaps;
180;All Ingredients;Wisp Wrappings;;Skyrim.esm;06BC0E;WispWrappings;
181;All Ingredients;Withering Moon;AE|Rare Curios;ccbgssse037-curios.esl;000824;ccBGSSSE037_WitheringMoon;
182;All Ingredients;Worm's Head Cap;AE|Rare Curios;ccbgssse037-curios.esl;000825;ccBGSSSE037_WormsHeadCap;
183;All Ingredients;Yellow Mountain Flower;Dawnguard;Dawnguard.esm;002A78;DLC1MountainFlower01Yellow;
