Order;Block;Name;Tags;MarkerFormIDs
1;All-Maker Stones;Beast Stone;Dragonborn;Dragonborn.esm:020143E3
2;All-Maker Stones;Earth Stone;Dragonborn;Dragonborn.esm:020143E4
3;All-Maker Stones;Sun Stone;Dragonborn;Dragonborn.esm:020143E5
4;All-Maker Stones;Water Stone;Dragonborn;Dragonborn.esm:020143E6
5;All-Maker Stones;Wind Stone;Dragonborn;Dragonborn.esm:020143E7
6;Camps;Bujold's Retreat;Dragonborn;Dragonborn.esm:020143D0
7;Camps;Crowstooth's Camp;AE;ccbgssse059-ba_dragonplate.esl:0500085C
8;Camps;Dragon Bridge Overlook;;Skyrim.esm:000B2393
9;Camps;Druadach Redoubt;;Skyrim.esm:0001623C
10;Camps;Haknir's Shoal;Dragonborn;Dragonborn.esm:020143D5
11;Camps;Halted Stream Camp;;Skyrim.esm:00016261
12;Camps;Karthspire;;Skyrim.esm:0001626C
13;Camps;Karthspire Camp;;Skyrim.esm:000F6698
14;Camps;Knifepoint Ridge;;Skyrim.esm:0008E03C
15;Camps;Last Vigil;Dragonborn;Dragonborn.esm:0202C49B
16;Camps;Robber's Gorge;;Skyrim.esm:000162A7
17;Camps;Secunda's Kiss;;Skyrim.esm:000162A6
18;Camps;Serpent's Bluff Redoubt;;Skyrim.esm:000162CC
19;Castles;Blue Palace;;Skyrim.esm:000C44AB
20;Castles;Castle Volkihar;Dawnguard;Dawnguard.esm:0200BA4D
21;Castles;Castle Volkihar Balcony;Dawnguard;Dawnguard.esm:0200D165
22;Castles;Dragonsreach;;Skyrim.esm:000C44AD
23;Castles;Mistveil Keep;;Skyrim.esm:000C44B1
24;Castles;Palace of the Kings;;Skyrim.esm:000C44B3
25;Castles;Understone Keep;;Skyrim.esm:000C44AF
26;Caves;Ashfall's Tear;AE;ccasvsse001-almsivi.esm:050BC826
27;Caves;Benkongerike;Dragonborn;Dragonborn.esm:020143BE
28;Caves;Bleakcoast Cave;;Skyrim.esm:0001620F
29;Caves;Blind Cliff Cave;;Skyrim.esm:00016213
30;Caves;Bloated Man's Grotto;;Skyrim.esm:00016215
31;Caves;Bonechill Passage;;Skyrim.esm:000FDA48
32;Caves;Boulderfall Cave;;Skyrim.esm:000F52D8
33;Caves;Brinewater Grotto;;Skyrim.esm:0002C652
34;Caves;Bristleback Cave;Dragonborn;Dragonborn.esm:0201BC48
35;Caves;Broken Fang Cave;;Skyrim.esm:00016218
36;Caves;Broken Helm Hollow;;Skyrim.esm:00016219
37;Caves;Broken Oar Grotto;;Skyrim.esm:000B77C3
38;Caves;Bronze Water Cave;;Skyrim.esm:00046BAB
39;Caves;Brood Cavern;;Skyrim.esm:0001621B
40;Caves;Bruca's Leap Redoubt;;Skyrim.esm:0001621C
41;Caves;Castle Karstaag Caverns;Dragonborn;Dragonborn.esm:02018ED8
42;Caves;Castle Karstaag Ruins;Dragonborn;Dragonborn.esm:020143C1
43;Caves;Cragslane Cavern;;Skyrim.esm:00016226
44;Caves;Cragwallow Slope;;Skyrim.esm:00016227
45;Caves;Cronvangr Cave;;Skyrim.esm:00016228
46;Caves;Crystaldrift Cave;;Skyrim.esm:00016229
47;Caves;Darkfall Cave;Dawnguard;Dawnguard.esm:02004C0F
48;Caves;Darkshade;;Skyrim.esm:000B6046
49;Caves;Darkwater Pass;;Skyrim.esm:0001622C
50;Caves;Dimhollow Crypt;Dawnguard;Dawnguard.esm:02002F6F
51;Caves;Duskglow Crevice;;Skyrim.esm:0001623F
52;Caves;Eldergleam Sanctuary;;Skyrim.esm:000162B7
53;Caves;Fallowstone Cave;;Skyrim.esm:00016243
54;Caves;Forebears' Holdout;Dawnguard;Dawnguard.esm:02003CFE
55;Caves;Forsaken Cave;;Skyrim.esm:00016248
56;Caves;Frossel;Dragonborn;Dragonborn.esm:020143C5
57;Caves;Frostmoon Crag;Dragonborn;Dragonborn.esm:020143D1
58;Caves;Frostroot Cave;AE;ccafdsse001-dwesanctuary.esm:05070E0A
59;Caves;Glacial Cave;Dragonborn;Dragonborn.esm:020143D7
60;Caves;Glenmoril Coven;;Skyrim.esm:00016257
61;Caves;Gloomreach;;Skyrim.esm:00016258
62;Caves;Graywinter Watch;;Skyrim.esm:00016259
63;Caves;Greywater Grotto;;Skyrim.esm:0001625A
64;Caves;Gromm's Pass;AE;ccbgssse040-advobgobs.esl:05000BDF
65;Caves;Haemar's Shame;;Skyrim.esm:0001625D
66;Caves;Halldir's Cairn;;Skyrim.esm:00016260
67;Caves;Hob's Fall Cave;;Skyrim.esm:00016266
68;Caves;Honeystrand Cave;;Skyrim.esm:00016267
69;Caves;Hrothmund's Barrow;Dragonborn;Dragonborn.esm:02017BB0
70;Caves;Liar's Retreat;;Skyrim.esm:00016270
71;Caves;Lost Echo Cave;;Skyrim.esm:000AF89B
72;Caves;Lost Knife Hideout;;Skyrim.esm:00016273
73;Caves;Lower Steepfall Burrow;;Skyrim.esm:000F4FE7
74;Caves;Moss Mother Cavern;;Skyrim.esm:00016289
75;Caves;Movarth's Lair;;Skyrim.esm:00016256
76;Caves;Nightingale Hall;;Skyrim.esm:00047D25
77;Caves;North Brittleshin Pass;;Skyrim.esm:00016265
78;Caves;North Cold Rock Pass;;Skyrim.esm:000F5EB1
79;Caves;Orotheim;;Skyrim.esm:00016291
80;Caves;Pinemoon Cave;;Skyrim.esm:00016293
81;Caves;Pinepeak Cavern;;Skyrim.esm:00016294
82;Caves;Purewater Run;;Skyrim.esm:00032875
83;Caves;Ravenscar Hollow;;Skyrim.esm:0001629C
84;Caves;Reachcliff Cave;;Skyrim.esm:0001629D
85;Caves;Reachcliff Secret Entrance;;Skyrim.esm:0010B2C8
86;Caves;Reachwater Rock;;Skyrim.esm:0001629E
87;Caves;Rebel's Cairn;;Skyrim.esm:000B629F
88;Caves;Red Eagle Redoubt;;Skyrim.esm:0001623D
89;Caves;Red Scar Cavern;AE;ccbgssse067-daedinv.esm:051D67E3
90;Caves;Redoran's Retreat;;Skyrim.esm:0001629F
91;Caves;Redwater Den;Dawnguard;Dawnguard.esm:0200777E
92;Caves;Rimerock Burrow;;Skyrim.esm:000162A1
93;Caves;Runoff Cavern;AE;cctwbsse001-puzzledungeon.esm:050038D6
94;Caves;Ruunvald;Dawnguard;Dawnguard.esm:02007B23
95;Caves;Septimus Signus's Outpost;;Skyrim.esm:0002D511
96;Caves;Shadowgreen Cavern;;Skyrim.esm:000162A8
97;Caves;Shimmermist Cave;;Skyrim.esm:000162A9
98;Caves;Sightless Pit;;Skyrim.esm:000162B3
99;Caves;Snapleg Cave;;Skyrim.esm:00068094
100;Caves;Soljund's Sinkhole;;Skyrim.esm:000162BB
101;Caves;South Brittleshin Pass;;Skyrim.esm:00082213
102;Caves;South Cold Rock Pass;;Skyrim.esm:000F5EAF
103;Caves;Southfringe Sanctum;;Skyrim.esm:00016217
104;Caves;Steepfall Burrow;;Skyrim.esm:000162BF
105;Caves;Stillborn Cave;;Skyrim.esm:000162C0
106;Caves;Stony Creek Cave;;Skyrim.esm:00080F13
107;Caves;Sunderstone Gorge;;Skyrim.esm:000F5EA8
108;Caves;Swindler's Den;;Skyrim.esm:00015D4D
109;Caves;The Chill;;Skyrim.esm:00016220
110;Caves;Tolvald's Cave;;Skyrim.esm:000162C5
111;Caves;Uttering Hills Cave;;Skyrim.esm:000162C8
112;Caves;Varlais Cavern;AE;ccbgssse067-daedinv.esm:051D67E4
113;Caves;White River Watch;;Skyrim.esm:000162CD
114;Caves;Wolfskull Cave;;Skyrim.esm:000162D1
115;Caves;Yngvild;;Skyrim.esm:000162D3
116;Cities;Dawnstar;;Skyrim.esm:0001773A
117;Cities;Falkreath;;Skyrim.esm:00017760
118;Cities;Markarth;;Skyrim.esm:0001C38A
119;Cities;Morthal;;Skyrim.esm:000177B0
120;Cities;Raven Rock;Dragonborn;Dragonborn.esm:020143DC
121;Cities;Riften;;Skyrim.esm:0001C390
122;Cities;Solitude;;Skyrim.esm:0004D0F4
123;Cities;Whiterun;;Skyrim.esm:000162CE
124;Cities;Windhelm;;Skyrim.esm:00038436
125;Cities;Winterhold;;Skyrim.esm:000177EF
126;Clearings;Autumnshade Clearing;;Skyrim.esm:0001620C
127;Clearings;Clearpine Pond;;Skyrim.esm:00016222
128;Clearings;Clearspring Tarn;;Skyrim.esm:00016223
129;Clearings;Headwaters of Harstrad;Dragonborn;Dragonborn.esm:02039F96
130;Clearings;Mara's Eye Pond;;Skyrim.esm:000ECF51
131;Daedric Shrines;Sacellum of Boethiah;;Skyrim.esm:0004D8DA
132;Daedric Shrines;Shrine of Azura;;Skyrim.esm:00092496
133;Daedric Shrines;Shrine of Mehrunes Dagon;;Skyrim.esm:000246A5
134;Daedric Shrines;Shrine to Peryite;;Skyrim.esm:000AD066
135;Daedric Shrines;Statue to Meridia;;Skyrim.esm:0001626D
136;Docks;East Empire Company Warehouse;;Skyrim.esm:0004FEF2
137;Docks;Icewater Jetty;Dawnguard;Dawnguard.esm:02008E41
138;Docks;Northshore Landing;Dragonborn;Dragonborn.esm:020143DA
139;Dragon Lairs;Ancient's Ascent;;Skyrim.esm:00016231
140;Dragon Lairs;Autumnwatch Tower;;Skyrim.esm:00016233
141;Dragon Lairs;Bonestrewn Crest;;Skyrim.esm:000162B6
142;Dragon Lairs;Dragontooth Crater;;Skyrim.esm:00016230
143;Dragon Lairs;Eldersblood Peak;;Skyrim.esm:00016238
144;Dragon Lairs;Lost Tongue Overlook;;Skyrim.esm:00016235
145;Dragon Lairs;Mount Anthor;;Skyrim.esm:0001628A
146;Dragon Lairs;Northwind Summit;;Skyrim.esm:00016234
147;Dragon Lairs;Saering's Watch;Dragonborn;Dragonborn.esm:02019D1C
148;Dragon Lairs;Shearpoint;;Skyrim.esm:00016237
149;Dragon Lairs;Skyborn Altar;;Skyrim.esm:00016239
150;Dwarven Ruins;Alftand;;Skyrim.esm:00015D4A
151;Dwarven Ruins;Arkngthamz;Dawnguard;Dawnguard.esm:02008257
152;Dwarven Ruins;Avanchnzel;;Skyrim.esm:0001620D
153;Dwarven Ruins;Bthardamz;;Skyrim.esm:0001621D
154;Dwarven Ruins;Fahlbtharz;Dragonborn;Dragonborn.esm:020143C2
155;Dwarven Ruins;Great Lift at Alftand;;Skyrim.esm:000F81DB
156;Dwarven Ruins;Great Lift at Mzinchaleft;;Skyrim.esm:000F81DA
157;Dwarven Ruins;Great Lift at Raldbthar;;Skyrim.esm:000F81D9
158;Dwarven Ruins;Irkngthand;;Skyrim.esm:0001626B
159;Dwarven Ruins;Kagrenzel;;Skyrim.esm:00080E56
160;Dwarven Ruins;Kagrumez;Dragonborn;Dragonborn.esm:020143C3
161;Dwarven Ruins;Mzinchaleft;;Skyrim.esm:0001628B
162;Dwarven Ruins;Mzulft;;Skyrim.esm:0001628C
163;Dwarven Ruins;Nchardak;Dragonborn;Dragonborn.esm:020143C9
164;Dwarven Ruins;Raldbthar;;Skyrim.esm:00090595
165;Dwarven Ruins;Ruins of Rkund;;Skyrim.esm:000D3939
166;Dwarven Ruins;Tower of Mzark;;Skyrim.esm:000D30DA
167;Farms;Brandy-Mug Farm;;Skyrim.esm:00016339
168;Farms;Goldenhills Plantation;AE;ccvsvsse004-beafarmer.esl:05000B63
169;Farms;Hlaalu Farm;;Skyrim.esm:00016355
170;Farms;Hollyfrost Farm;;Skyrim.esm:00016358
171;Farms;Katla's Farm;;Skyrim.esm:0001635E
172;Farms;Merryfair Farm;;Skyrim.esm:000268FF
173;Farms;Old Attius Farm;Dragonborn;Dragonborn.esm:0201A562
174;Forts;Ashfallow Citadel;Dragonborn;Dragonborn.esm:020143D8
175;Forts;Fort Frostmoth;Dragonborn;Dragonborn.esm:020143C4
176;Forts;Highpoint Tower;Dragonborn;Dragonborn.esm:020143D9
177;Giant Camps;Bleakwind Basin;;Skyrim.esm:00016211
178;Giant Camps;Blizzard Rest;;Skyrim.esm:00016214
179;Giant Camps;Broken Limb Camp;;Skyrim.esm:000ECF86
180;Giant Camps;Cradlecrush Rock;;Skyrim.esm:00016225
181;Giant Camps;Guldun Rock;;Skyrim.esm:0001625C
182;Giant Camps;Red Road Pass;;Skyrim.esm:000162A0
183;Giant Camps;Sleeping Tree Camp;;Skyrim.esm:000162B8
184;Giant Camps;Steamcrag Camp;;Skyrim.esm:0001623A
185;Giant Camps;Stonehill Bluff;;Skyrim.esm:000162C1
186;Giant Camps;Talking Stone Camp;;Skyrim.esm:000162C3
187;Giant Camps;Tumble Arch Pass;;Skyrim.esm:000162C7
188;Groves;Ancestor Glade;Dawnguard;Dawnguard.esm:02004BA5
189;Groves;Evergreen Grove;;Skyrim.esm:00016241
190;Groves;Giant's Grove;;Skyrim.esm:000D28B7
191;Groves;Greenspring Hollow;;Skyrim.esm:00016269
192;Groves;Shrouded Grove;;Skyrim.esm:000162B1
193;Groves;Witchmist Grove;;Skyrim.esm:000E1B80
194;Guild Halls;College of Winterhold;;Skyrim.esm:00046BDF
195;Guild Halls;Dark Brotherhood Sanctuary;;Skyrim.esm:0001C3B0
196;Guild Halls;Dawnstar Sanctuary;;Skyrim.esm:0005E0A6
197;Guild Halls;Sky Haven Temple;;Skyrim.esm:0001637C
198;Guild Halls;Thieves Guild;;Skyrim.esm:00105F3A
199;Imperial Towers;Abandoned Prison;;Skyrim.esm:000ECF49
200;Imperial Towers;Falkreath Watchtower;;Skyrim.esm:0004788C
201;Imperial Towers;Pinefrost Tower;;Skyrim.esm:000EF0BA
202;Imperial Towers;Refugees' Rest;;Skyrim.esm:000EF570
203;Imperial Towers;Rift Watchtower;;Skyrim.esm:000D3930
204;Imperial Towers;Shor's Watchtower;;Skyrim.esm:000D3934
205;Imperial Towers;Snowpoint Beacon;;Skyrim.esm:000C2EF6
206;Imperial Towers;Stendarr's Beacon;;Skyrim.esm:00108A58
207;Imperial Towers;Whitewatch Tower;;Skyrim.esm:000DD99A
208;Imperial Towers;Widow's Watch Ruins;;Skyrim.esm:000EF0A7
209;Inns;Nightgate Inn;;Skyrim.esm:00017785
210;Inns;Old Hroldan Inn;;Skyrim.esm:000177C3
211;Landmarks;Altar of Thrond;Dragonborn;Dragonborn.esm:020143BD
212;Landmarks;Bard's Leap Summit;;Skyrim.esm:0001620E
213;Landmarks;Brodir Grove;Dragonborn;Dragonborn.esm:020143C0
214;Landmarks;Deep Folk Crossing;;Skyrim.esm:000B238F
215;Landmarks;Frykte Peak;Dragonborn;Dragonborn.esm:0203A2CB
216;Landmarks;Gjukar's Monument;;Skyrim.esm:000DED8E
217;Landmarks;Horker Island;Dragonborn;Dragonborn.esm:020143C7
218;Landmarks;Hvitkald Peak;Dragonborn;Dragonborn.esm:020365F1
219;Landmarks;Mortrag Peak;Dragonborn;Dragonborn.esm:0203A2C9
220;Landmarks;Mount Moesring;Dragonborn;Dragonborn.esm:0203A2C7
221;Landmarks;Orphan Rock;;Skyrim.esm:00016292
222;Landmarks;Reachwind Eyrie;;Skyrim.esm:000B23A3|Skyrim.esm:000F5FDE
223;Landmarks;Ruins of Bthalft;;Skyrim.esm:000D393C
224;Landmarks;Stalhrim Source;Dragonborn;Dragonborn.esm:020296E0
225;Landmarks;Throat of the World;;Skyrim.esm:000162C4
226;Landmarks;Weynon Stones;;Skyrim.esm:000BC0AA
227;Lighthouses;Frostflow Lighthouse;;Skyrim.esm:00016253
228;Lighthouses;Solitude Lighthouse;;Skyrim.esm:000C016D
229;Military Forts;Bloodlet Throne;;Skyrim.esm:00016EB2
230;Military Forts;Broken Tower Redoubt;;Skyrim.esm:0001621A
231;Military Forts;Cracked Tusk Keep;;Skyrim.esm:0001625B
232;Military Forts;Darklight Tower;;Skyrim.esm:0001622A
233;Military Forts;Driftshade Refuge;;Skyrim.esm:0001623B
234;Military Forts;Faldar's Tooth;;Skyrim.esm:00016242
235;Military Forts;Fellglow Keep;;Skyrim.esm:00016244
236;Military Forts;Fort Amol;;Skyrim.esm:00016249
237;Military Forts;Fort Dawnguard;Dawnguard;Dawnguard.esm:00013F21|Dawnguard.esm:0000FC6C
238;Military Forts;Fort Dunstad;;Skyrim.esm:0001624B
239;Military Forts;Fort Fellhammer;;Skyrim.esm:0001624C
240;Military Forts;Fort Greenwall;;Skyrim.esm:0001624D
241;Military Forts;Fort Greymoor;;Skyrim.esm:0001624A
242;Military Forts;Fort Hraggstad;;Skyrim.esm:0003F510
243;Military Forts;Fort Kastav;;Skyrim.esm:0001624F
244;Military Forts;Fort Neugrad;;Skyrim.esm:00016250
245;Military Forts;Fort Snowhawk;;Skyrim.esm:00016251
246;Military Forts;Fort Sungard;;Skyrim.esm:00016252
247;Military Forts;Gallows Rock;;Skyrim.esm:00016254
248;Military Forts;Harmugstahl;;Skyrim.esm:00016262
249;Military Forts;High Hrothgar;;Skyrim.esm:00016352
250;Military Forts;Ilinalta's Deep;;Skyrim.esm:0001626A
251;Military Forts;Mistwatch;;Skyrim.esm:00016286
252;Military Forts;Morvunskar;;Skyrim.esm:00016288
253;Military Forts;Nightcaller Temple;;Skyrim.esm:00017082
254;Military Forts;Northwatch Keep;;Skyrim.esm:00016290
255;Military Forts;Treva's Watch;;Skyrim.esm:000162C6
256;Military Forts;Western Watchtower;;Skyrim.esm:000DB889
257;Mines;Bilegulch Mine;;Skyrim.esm:00016275
258;Mines;Broken Tusk Mine;Dragonborn;Dragonborn.esm:020143D4
259;Mines;Damphall Mine;Dragonborn;Dragonborn.esm:020296DE
260;Mines;Embershard Mine;;Skyrim.esm:000B6CDF
261;Mines;Gloombound Mine;;Skyrim.esm:00016349
262;Mines;Kolskeggr Mine;;Skyrim.esm:0002051D
263;Mines;Left Hand Mine;;Skyrim.esm:00016364
264;Mines;Lost Prospect Mine;;Skyrim.esm:000D3938
265;Mines;Northwind Mine;;Skyrim.esm:000FDBDE
266;Mines;Whistling Mine;;Skyrim.esm:00016385
267;Nordic Ruins;Angarvunde;;Skyrim.esm:00015D51
268;Nordic Ruins;Ansilvund;;Skyrim.esm:00015D56
269;Nordic Ruins;Arcwind Point;;Skyrim.esm:000F5FEF
270;Nordic Ruins;Bleak Falls Barrow;;Skyrim.esm:00016232
271;Nordic Ruins;Bloodskal Barrow;Dragonborn;Dragonborn.esm:020143BF
272;Nordic Ruins;Champion's Rest;AE;ccbgssse016-umbra.esm:0200CD93
273;Nordic Ruins;Dead Men's Respite;;Skyrim.esm:0001622E
274;Nordic Ruins;Deepwood Redoubt;;Skyrim.esm:0001622F
275;Nordic Ruins;Dustman's Cairn;;Skyrim.esm:000F5B8D
276;Nordic Ruins;Folgunthur;;Skyrim.esm:00016246
277;Nordic Ruins;Forelhost;;Skyrim.esm:00016247
278;Nordic Ruins;Frostmere Crypt;;Skyrim.esm:000162C2
279;Nordic Ruins;Geirmund's Hall;;Skyrim.esm:00016255
280;Nordic Ruins;Gyldenhul Barrow;Dragonborn;Dragonborn.esm:020143C6
281;Nordic Ruins;Hag Rock Redoubt;;Skyrim.esm:0001625E
282;Nordic Ruins;Hag's End;;Skyrim.esm:0001625F
283;Nordic Ruins;High Gate Ruins;;Skyrim.esm:00016263
284;Nordic Ruins;Hillgrund's Tomb;;Skyrim.esm:000162CB
285;Nordic Ruins;Ironbind Barrow;;Skyrim.esm:0003F076
286;Nordic Ruins;Kolbjorn Barrow;Dragonborn;Dragonborn.esm:020143CC
287;Nordic Ruins;Korvanjund;;Skyrim.esm:00016224
288;Nordic Ruins;Labyrinthian;;Skyrim.esm:0001626E
289;Nordic Ruins;Lost Valley Redoubt;;Skyrim.esm:00016274
290;Nordic Ruins;Moldering Ruins;Dawnguard;Dawnguard.esm:0200D0AE
291;Nordic Ruins;North Shriekwind Bastion;;Skyrim.esm:000A0E46
292;Nordic Ruins;Ragnvald;;Skyrim.esm:0001629A
293;Nordic Ruins;Rannveig's Fast;;Skyrim.esm:0001629B
294;Nordic Ruins;Saarthal;;Skyrim.esm:000162A5
295;Nordic Ruins;Shroud Hearth Barrow;;Skyrim.esm:0006CCC8
296;Nordic Ruins;Silent Moons Camp;;Skyrim.esm:000162B4
297;Nordic Ruins;Silverdrift Lair;;Skyrim.esm:000162B5
298;Nordic Ruins;Sivdur's Respite;AE;ccbgssse005-goldbrand.esl:03000B86
299;Nordic Ruins;Snow Veil Sanctum;;Skyrim.esm:0002DDD1
300;Nordic Ruins;South Shriekwind Bastion;;Skyrim.esm:000B83C8
301;Nordic Ruins;Twilight Sepulcher;;Skyrim.esm:00016216
302;Nordic Ruins;Ustengrav;;Skyrim.esm:0001621F
303;Nordic Ruins;Vahlok's Tomb;Dragonborn;Dragonborn.esm:020143CB
304;Nordic Ruins;Valthume;;Skyrim.esm:0008D5D6
305;Nordic Ruins;Volskygge;;Skyrim.esm:000162CA
306;Nordic Ruins;Volunruud;;Skyrim.esm:00016264
307;Nordic Ruins;White Ridge Barrow;Dragonborn;Dragonborn.esm:020143CD
308;Nordic Ruins;Yngol Barrow;;Skyrim.esm:00016271
309;Nordic Ruins;Ysgramor's Tomb;;Skyrim.esm:000162D2
310;Nordic Towers;Bannermist Tower;;Skyrim.esm:0004781E
311;Nordic Towers;Bleakwind Bluff;;Skyrim.esm:000BB47C
312;Nordic Towers;Cradle Stone Tower;;Skyrim.esm:000B23A1
313;Nordic Towers;Dead Crone Rock;;Skyrim.esm:0001622D
314;Nordic Towers;Nilheim;;Skyrim.esm:0001628F
315;Nordic Towers;Peak's Shade Tower;;Skyrim.esm:00047880
316;Nordic Towers;Sundered Towers;;Skyrim.esm:000B6295
317;Nordic Towers;Valtheim Towers;;Skyrim.esm:000162C9
318;Orc Strongholds;Dushnikh Yal;;Skyrim.esm:0001623E
319;Orc Strongholds;Largashbur;;Skyrim.esm:0001626F
320;Orc Strongholds;Mor Khazgur;;Skyrim.esm:00016287
321;Orc Strongholds;Narzulbur;;Skyrim.esm:0001628D
322;Passes;Forgotten Vale;Dawnguard;Dawnguard.esm:020088E0
323;Passes;Moesring Pass;Dragonborn;Dragonborn.esm:020143CE
324;Passes;Wayward Pass;;Skyrim.esm:000C2EFA
325;Player Housing;Bloodchill Cavern;AE;cceejsse005-cave.esm:05127259
326;Player Housing;Gallows Hall;AE;ccrmssse001-necrohouse.esl:05000CFB
327;Player Housing;Heljarchen Hall;Hearthfire;HearthFires.esm:02010DE8
328;Player Housing;Hendraheim;AE;cceejsse004-hall.esl:05000AFF
329;Player Housing;Lakeview Manor;Hearthfire;HearthFires.esm:020030AA
330;Player Housing;Myrwatch;AE;cceejsse002-tower.esl:05000FA2
331;Player Housing;Tundra Homestead;AE;cceejsse001-hstead.esm:05000B8A
332;Player Housing;Windstad Manor;Hearthfire;HearthFires.esm:0200B8B0
333;Ruins;Four Skull Lookout;;Skyrim.esm:000B23A7
334;Ruins;Hamvir's Rest;;Skyrim.esm:000EE79C
335;Ruins;Journeyman's Nook;;Skyrim.esm:000EF549
336;Ruins;Kjenstag Ruins;;Skyrim.esm:000C2EEF
337;Ruins;Lost Valkygg;;Skyrim.esm:000EAA63
338;Ruins;North Skybound Watch;;Skyrim.esm:0004B6EB
339;Ruins;Roadside Ruins;;Skyrim.esm:00047875
340;Ruins;Skytemple Ruins;;Skyrim.esm:000EF0AE
341;Ruins;Snowclad Ruins;Dragonborn;Dragonborn.esm:020247C8
342;Ruins;South Skybound Watch;;Skyrim.esm:000479BB
343;Ruins;Windward Ruins;;Skyrim.esm:000C2EEC
344;Ruins;Yorgrim Overlook;;Skyrim.esm:000C33FF
345;Settlements;Black-Briar Lodge;;Skyrim.esm:000A7CE5
346;Settlements;Darkwater Crossing;;Skyrim.esm:00017732
347;Settlements;Goldenglow Estate;;Skyrim.esm:0001A710
348;Settlements;Honningbrew Meadery;;Skyrim.esm:00038593
349;Settlements;Japhet's Folly;;Skyrim.esm:00016245
350;Settlements;Kynesgrove;;Skyrim.esm:000177A1
351;Settlements;Stonehills;;Skyrim.esm:000177E4
352;Settlements;Thalmor Embassy;;Skyrim.esm:00033E45
353;Settlements;Thirsk Mead Hall;Dragonborn;Dragonborn.esm:020143E9
354;Shacks;Abandoned Lodge;Dragonborn;Dragonborn.esm:02017B68
355;Shacks;Abandoned Shack;;Skyrim.esm:0005254D
356;Shacks;Alchemist's Shack;;Skyrim.esm:000D3931
357;Shacks;Angi's Camp;;Skyrim.esm:000CF27D
358;Shacks;Anise's Cabin;;Skyrim.esm:000D9531
359;Shacks;Cliffside Retreat;;Skyrim.esm:000B238B
360;Shacks;Crabber's Shanty;;Skyrim.esm:000E66A7
361;Shacks;Drelas' Cottage;;Skyrim.esm:000E66AD
362;Shacks;Froki's Shack;;Skyrim.esm:000D392D
363;Shacks;Hall of the Vigilant;;Skyrim.esm:000C342A
364;Shacks;Hrodulf's House;Dragonborn;Dragonborn.esm:020143D6
365;Shacks;Hunter's Rest;;Skyrim.esm:000F52B2
366;Shacks;Ironback Hideout;;Skyrim.esm:000EF543
367;Shacks;Lund's Hut;;Skyrim.esm:000E66A3
368;Shacks;Meeko's Shack;;Skyrim.esm:000F6F11
369;Shacks;Pinewatch;;Skyrim.esm:00016295
370;Shacks;Ramshackle Trading Post;Dragonborn;Dragonborn.esm:02034EE4
371;Shacks;Riverside Shack;;Skyrim.esm:000ECF4F
372;Shacks;Traitor's Post;;Skyrim.esm:000C2EE9
373;Shipwrecks;Dainty Sload;;Skyrim.esm:0007BC2D
374;Shipwrecks;Hela's Folly;;Skyrim.esm:000162AC
375;Shipwrecks;Orphan's Tear;;Skyrim.esm:000162B0
376;Shipwrecks;Pilgrim's Trench;;Skyrim.esm:000162AD
377;Shipwrecks;The Katariah;;Skyrim.esm:000C4D20
378;Shipwrecks;Wreck Of The Brinehammer;;Skyrim.esm:000162AB
379;Shipwrecks;Wreck of the Icerunner;;Skyrim.esm:000162AA
380;Shipwrecks;Wreck of The Pride of Tel Vos;;Skyrim.esm:000162AE
381;Shipwrecks;Wreck of the Strident Squall;Dragonborn;Dragonborn.esm:020143CF
382;Shipwrecks;Wreck of the Winter War;;Skyrim.esm:000162AF
383;Stables;Markarth Stables;;Skyrim.esm:000E962F
384;Stables;Riften Stables;;Skyrim.esm:00096A46
385;Stables;Whiterun Stables;;Skyrim.esm:00072879
386;Stables;Windhelm Stables;;Skyrim.esm:0009846F
387;Standing Stones;The Apprentice Stone;;Skyrim.esm:0001BAB9
388;Standing Stones;The Atronach Stone;;Skyrim.esm:000E0F4C
389;Standing Stones;The Guardian Stones;;Skyrim.esm:0001BABD
390;Standing Stones;The Lady Stone;;Skyrim.esm:000DED90
391;Standing Stones;The Lord Stone;;Skyrim.esm:000E0F47
392;Standing Stones;The Lover Stone;;Skyrim.esm:0001BABB
393;Standing Stones;The Ritual Stone;;Skyrim.esm:000DD9D5
394;Standing Stones;The Serpent Stone;;Skyrim.esm:000E0F69
395;Standing Stones;The Shadow Stone;;Skyrim.esm:000D3935
396;Standing Stones;The Steed Stone;;Skyrim.esm:0001BAC0
397;Standing Stones;The Tower Stone;;Skyrim.esm:000E0ED5
398;Temples;Temple of Miraak;Dragonborn;Dragonborn.esm:020143CA
399;Towns;Dragon Bridge;;Skyrim.esm:00017753
400;Towns;Helgen;;Skyrim.esm:00017780
401;Towns;Ivarstead;;Skyrim.esm:00017791
402;Towns;Karthwasten;;Skyrim.esm:0001779A
403;Towns;Riverwood;;Skyrim.esm:000162A4
404;Towns;Rorikstead;;Skyrim.esm:000177CC
405;Towns;Shor's Stone;;Skyrim.esm:000177D7
406;Towns;Skaal Village;Dragonborn;Dragonborn.esm:020143E2
407;Towns;Tel Mithryn;Dragonborn;Dragonborn.esm:020143E8
408;Wheat Mills;Battle-Born Farm;;Skyrim.esm:00016332
409;Wheat Mills;Chillfurrow Farm;;Skyrim.esm:0001633C
410;Wheat Mills;Loreius Farm;;Skyrim.esm:00016367
411;Wheat Mills;Pelagia Farm;;Skyrim.esm:00016373
412;Wheat Mills;Salvius Farm;;Skyrim.esm:00016376
413;Wheat Mills;Sarethi Farm;;Skyrim.esm:00016379
414;Wheat Mills;Snow-Shod Farm;;Skyrim.esm:0001634C
415;Wood Mills;Anga's Mill;;Skyrim.esm:000162D6
416;Wood Mills;Half-Moon Mill;;Skyrim.esm:00016370
417;Wood Mills;Heartwood Mill;;Skyrim.esm:0001634F
418;Wood Mills;Mixwater Mill;;Skyrim.esm:0001636D
419;Wood Mills;Solitude Sawmill;;Skyrim.esm:00016382
