FormID;Plugin;EditorID;MarkerName;MarkerType;AlwaysVisible;LinkedLocationEditorID;CellContext
00016245;Skyrim.esm;;Japhet's Folly;;;;"[CELL:00094B41] (in JaphetsFollyWorld ""Japhet's Folly"" [WRLD:00094B35])"
0004D0F4;Skyrim.esm;SolitudeMapmarkerRef;Solitude;;1;;"[CELL:00037EE6] (in SolitudeWorld ""Solitude"" [WRLD:00037EDF])"
000C44AB;Skyrim.esm;SolitudeBluePalaceMapMarker;Blue Palace;;;;"[CELL:00037EE6] (in SolitudeWorld ""Solitude"" [WRLD:00037EDF])"
0001637C;Skyrim.esm;SkyHavenTempleMapMarker;Sky Haven Temple;;;;"[CELL:000356AB] (in KarthspireRedoubtWorld ""The Karthspire"" [WRLD:00035699])"
0001625F;Skyrim.esm;;Hag's End;;;;"[CELL:0002A4A4] (in DeepwoodRedoubtWorld ""Deepwood Vale"" [WRLD:00029AB7])"
000D28B7;Skyrim.esm;;Giant's Grove;;;;"[CELL:000243E0] (in FallowstoneCaveWorldEnd ""Giant's Grove"" [WRLD:000204C7])"
000162CE;Skyrim.esm;WhiterunMapMarkerREF;Whiterun;;1;;"[CELL:0001A270] (in WhiterunWorld ""Whiterun"" [WRLD:0001A26F])"
000C44AD;Skyrim.esm;WhiterunDragonsReachMapMarker;Dragonsreach;;;;"[CELL:0001A270] (in WhiterunWorld ""Whiterun"" [WRLD:0001A26F])"
0001C38A;Skyrim.esm;MarkarthMapMarkerREF;Markarth;;1;;"[CELL:00016E02] (in MarkarthWorld ""Markarth"" [WRLD:00016D71])"
000C44AF;Skyrim.esm;MarkarthPalaceMapMarker;Understone Keep;;;;"[CELL:00016E02] (in MarkarthWorld ""Markarth"" [WRLD:00016D71])"
0001C390;Skyrim.esm;RiftenMapMarkerREF;Riften;;1;;"[CELL:00016BE0] (in RiftenWorld ""Riften"" [WRLD:00016BB4])"
000C44B1;Skyrim.esm;MistveilKeepMapMarker;Mistveil Keep;;;;"[CELL:00016BE0] (in RiftenWorld ""Riften"" [WRLD:00016BB4])"
00105F3A;Skyrim.esm;TGMapMarker;Thieves Guild;;;;"[CELL:00016BE0] (in RiftenWorld ""Riften"" [WRLD:00016BB4])"
00038436;Skyrim.esm;WindhelmMapMarkerRef;Windhelm;;1;;"[CELL:0001691F] (in WindhelmWorld ""Windhelm"" [WRLD:0001691D])"
000C44B3;Skyrim.esm;WindhelmPalaceOfTheKingsMapMarker;Palace of the Kings;;;;"[CELL:0001691F] (in WindhelmWorld ""Windhelm"" [WRLD:0001691D])"
000EAA63;Skyrim.esm;;Lost Valkygg;;;;"[CELL:00000D74] (in Tamriel ""Skyrim"" [WRLD:0000003C])"
000C342A;Skyrim.esm;HalloftheVigilantMapMarker;Hall of the Vigilant;;;;"[CELL:00000D74] (in Tamriel ""Skyrim"" [WRLD:0000003C])"
000C33FF;Skyrim.esm;;Yorgrim Overlook;;;;"[CELL:00000D74] (in Tamriel ""Skyrim"" [WRLD:0000003C])"
000C2EFA;Skyrim.esm;;Wayward Pass;;;;"[CELL:00000D74] (in Tamriel ""Skyrim"" [WRLD:0000003C])"
000C2EF6;Skyrim.esm;;Snowpoint Beacon;;;;"[CELL:00000D74] (in Tamriel ""Skyrim"" [WRLD:0000003C])"
000C2EEF;Skyrim.esm;;Kjenstag Ruins;;;;"[CELL:00000D74] (in Tamriel ""Skyrim"" [WRLD:0000003C])"
000C2EEC;Skyrim.esm;;Windward Ruins;;;;"[CELL:00000D74] (in Tamriel ""Skyrim"" [WRLD:0000003C])"
000C2EE9;Skyrim.esm;;Traitor's Post;;;;"[CELL:00000D74] (in Tamriel ""Skyrim"" [WRLD:0000003C])"
000B23A7;Skyrim.esm;;Four Skull Lookout;;;;"[CELL:00000D74] (in Tamriel ""Skyrim"" [WRLD:0000003C])"
000B23A3;Skyrim.esm;;Reachwind Eyrie;;;;"[CELL:00000D74] (in Tamriel ""Skyrim"" [WRLD:0000003C])"
000B23A1;Skyrim.esm;;Cradle Stone Tower;;;;"[CELL:00000D74] (in Tamriel ""Skyrim"" [WRLD:0000003C])"
000B2393;Skyrim.esm;;Dragon Bridge Overlook;;;;"[CELL:00000D74] (in Tamriel ""Skyrim"" [WRLD:0000003C])"
000B238F;Skyrim.esm;;Deep Folk Crossing;;;;"[CELL:00000D74] (in Tamriel ""Skyrim"" [WRLD:0000003C])"
000B238B;Skyrim.esm;;Cliffside Retreat;;;;"[CELL:00000D74] (in Tamriel ""Skyrim"" [WRLD:0000003C])"
000DD9D5;Skyrim.esm;;The Ritual Stone;;;;"[CELL:00000D74] (in Tamriel ""Skyrim"" [WRLD:0000003C])"
000DD99A;Skyrim.esm;;Whitewatch Tower;;;;"[CELL:00000D74] (in Tamriel ""Skyrim"" [WRLD:0000003C])"
000A0E46;Skyrim.esm;;North Shriekwind Bastion;;;;"[CELL:00000D74] (in Tamriel ""Skyrim"" [WRLD:0000003C])"
0008E03C;Skyrim.esm;KnifepointRidgeMapMarker;Knifepoint Ridge;;;;"[CELL:00000D74] (in Tamriel ""Skyrim"" [WRLD:0000003C])"
000AF89B;Skyrim.esm;;Lost Echo Cave;;;;"[CELL:00000D74] (in Tamriel ""Skyrim"" [WRLD:0000003C])"
00096A46;Skyrim.esm;RiftenStablesMapMarker;Riften Stables;;;;"[CELL:00000D74] (in Tamriel ""Skyrim"" [WRLD:0000003C])"
00046BDF;Skyrim.esm;WinterholdCollegeMapMarkerRef;College of Winterhold;;;;"[CELL:00000D74] (in Tamriel ""Skyrim"" [WRLD:0000003C])"
00017732;Skyrim.esm;DarkwaterCrossingMapMarker;Darkwater Crossing;;;;"[CELL:00000D74] (in Tamriel ""Skyrim"" [WRLD:0000003C])"
0001773A;Skyrim.esm;DawnstarMapMarkerREF;Dawnstar;;1;;"[CELL:00000D74] (in Tamriel ""Skyrim"" [WRLD:0000003C])"
00017753;Skyrim.esm;DragonBridgeMapMarker;Dragon Bridge;;;;"[CELL:00000D74] (in Tamriel ""Skyrim"" [WRLD:0000003C])"
00017760;Skyrim.esm;FalkreathMapMarker;Falkreath;;1;;"[CELL:00000D74] (in Tamriel ""Skyrim"" [WRLD:0000003C])"
00017780;Skyrim.esm;;Helgen;;1;;"[CELL:00000D74] (in Tamriel ""Skyrim"" [WRLD:0000003C])"
00017785;Skyrim.esm;NightgateInnMapMarker;Nightgate Inn;;;;"[CELL:00000D74] (in Tamriel ""Skyrim"" [WRLD:0000003C])"
00017791;Skyrim.esm;IvarsteadMapMarker;Ivarstead;;;;"[CELL:00000D74] (in Tamriel ""Skyrim"" [WRLD:0000003C])"
0001779A;Skyrim.esm;KarthwastenMapMarkerREF;Karthwasten;;;;"[CELL:00000D74] (in Tamriel ""Skyrim"" [WRLD:0000003C])"
000177A1;Skyrim.esm;KynesgroveMapMarker;Kynesgrove;;;;"[CELL:00000D74] (in Tamriel ""Skyrim"" [WRLD:0000003C])"
000177B0;Skyrim.esm;MorthalMapMarkerRef;Morthal;;1;;"[CELL:00000D74] (in Tamriel ""Skyrim"" [WRLD:0000003C])"
000177C3;Skyrim.esm;OldHroldanMapMarkerREF;Old Hroldan Inn;;;;"[CELL:00000D74] (in Tamriel ""Skyrim"" [WRLD:0000003C])"
000177CC;Skyrim.esm;RoriksteadMapMarker;Rorikstead;;;;"[CELL:00000D74] (in Tamriel ""Skyrim"" [WRLD:0000003C])"
000177D7;Skyrim.esm;ShorsStoneMapMarker;Shor's Stone;;;;"[CELL:00000D74] (in Tamriel ""Skyrim"" [WRLD:0000003C])"
000177E4;Skyrim.esm;;Stonehills;;;;"[CELL:00000D74] (in Tamriel ""Skyrim"" [WRLD:0000003C])"
000177EF;Skyrim.esm;WinterholdMapMarker;Winterhold;;1;;"[CELL:00000D74] (in Tamriel ""Skyrim"" [WRLD:0000003C])"
0001620C;Skyrim.esm;;Autumnshade Clearing;;;;"[CELL:00000D74] (in Tamriel ""Skyrim"" [WRLD:0000003C])"
0001620D;Skyrim.esm;MS04AvanchnzelMarker;Avanchnzel;;;;"[CELL:00000D74] (in Tamriel ""Skyrim"" [WRLD:0000003C])"
0001620E;Skyrim.esm;;Bard's Leap Summit;;;;"[CELL:00000D74] (in Tamriel ""Skyrim"" [WRLD:0000003C])"
0001620F;Skyrim.esm;;Bleakcoast Cave;;;;"[CELL:00000D74] (in Tamriel ""Skyrim"" [WRLD:0000003C])"
00016211;Skyrim.esm;;Bleakwind Basin;;;;"[CELL:00000D74] (in Tamriel ""Skyrim"" [WRLD:0000003C])"
00016213;Skyrim.esm;BlindCliffMapMarker;Blind Cliff Cave;;;;"[CELL:00000D74] (in Tamriel ""Skyrim"" [WRLD:0000003C])"
00016214;Skyrim.esm;;Blizzard Rest;;;;"[CELL:00000D74] (in Tamriel ""Skyrim"" [WRLD:0000003C])"
00016215;Skyrim.esm;BloatedMansGrottoMapMarker;Bloated Man's Grotto;;;;"[CELL:00000D74] (in Tamriel ""Skyrim"" [WRLD:0000003C])"
00016216;Skyrim.esm;TwilightSepulcherMapMarker;Twilight Sepulcher;;;;"[CELL:00000D74] (in Tamriel ""Skyrim"" [WRLD:0000003C])"
00016217;Skyrim.esm;;Southfringe Sanctum;;;;"[CELL:00000D74] (in Tamriel ""Skyrim"" [WRLD:0000003C])"
00016218;Skyrim.esm;BrokenFangCaveMapMarker;Broken Fang Cave;;;;"[CELL:00000D74] (in Tamriel ""Skyrim"" [WRLD:0000003C])"
00016219;Skyrim.esm;;Broken Helm Hollow;;;;"[CELL:00000D74] (in Tamriel ""Skyrim"" [WRLD:0000003C])"
0001621A;Skyrim.esm;BrokenTowerRedoubtMapMarker;Broken Tower Redoubt;;;;"[CELL:00000D74] (in Tamriel ""Skyrim"" [WRLD:0000003C])"
0001621B;Skyrim.esm;;Brood Cavern;;;;"[CELL:00000D74] (in Tamriel ""Skyrim"" [WRLD:0000003C])"
0001621C;Skyrim.esm;;Bruca's Leap Redoubt;;;;"[CELL:00000D74] (in Tamriel ""Skyrim"" [WRLD:0000003C])"
0001621D;Skyrim.esm;;Bthardamz;;;;"[CELL:00000D74] (in Tamriel ""Skyrim"" [WRLD:0000003C])"
0001621F;Skyrim.esm;UstengravMapMarker;Ustengrav;;;;"[CELL:00000D74] (in Tamriel ""Skyrim"" [WRLD:0000003C])"
00016220;Skyrim.esm;;The Chill;;;;"[CELL:00000D74] (in Tamriel ""Skyrim"" [WRLD:0000003C])"
00016222;Skyrim.esm;;Clearpine Pond;;;;"[CELL:00000D74] (in Tamriel ""Skyrim"" [WRLD:0000003C])"
00016223;Skyrim.esm;;Clearspring Tarn;;;;"[CELL:00000D74] (in Tamriel ""Skyrim"" [WRLD:0000003C])"
00016224;Skyrim.esm;KorvanjundMapMarker;Korvanjund;;;;"[CELL:00000D74] (in Tamriel ""Skyrim"" [WRLD:0000003C])"
00016225;Skyrim.esm;;Cradlecrush Rock;;;;"[CELL:00000D74] (in Tamriel ""Skyrim"" [WRLD:0000003C])"
00016226;Skyrim.esm;;Cragslane Cavern;;;;"[CELL:00000D74] (in Tamriel ""Skyrim"" [WRLD:0000003C])"
00016227;Skyrim.esm;;Cragwallow Slope;;;;"[CELL:00000D74] (in Tamriel ""Skyrim"" [WRLD:0000003C])"
00016228;Skyrim.esm;;Cronvangr Cave;;;;"[CELL:00000D74] (in Tamriel ""Skyrim"" [WRLD:0000003C])"
00016229;Skyrim.esm;;Crystaldrift Cave;;;;"[CELL:00000D74] (in Tamriel ""Skyrim"" [WRLD:0000003C])"
0001622A;Skyrim.esm;DarklightTowerMapMarker;Darklight Tower;;;;"[CELL:00000D74] (in Tamriel ""Skyrim"" [WRLD:0000003C])"
0001622C;Skyrim.esm;;Darkwater Pass;;;;"[CELL:00000D74] (in Tamriel ""Skyrim"" [WRLD:0000003C])"
0001622D;Skyrim.esm;DeadCroneRockMapMarkerREF;Dead Crone Rock;;;;"[CELL:00000D74] (in Tamriel ""Skyrim"" [WRLD:0000003C])"
0001622E;Skyrim.esm;;Dead Men's Respite;;;;"[CELL:00000D74] (in Tamriel ""Skyrim"" [WRLD:0000003C])"
0001622F;Skyrim.esm;DeepwoodRedoubtMapMarker;Deepwood Redoubt;;;;"[CELL:00000D74] (in Tamriel ""Skyrim"" [WRLD:0000003C])"
00016230;Skyrim.esm;DragontoothCraterMapMarker;Dragontooth Crater;;;;"[CELL:00000D74] (in Tamriel ""Skyrim"" [WRLD:0000003C])"
00016231;Skyrim.esm;AncientsAscentMapMarker;Ancient's Ascent;;;;"[CELL:00000D74] (in Tamriel ""Skyrim"" [WRLD:0000003C])"
00016232;Skyrim.esm;BleakFallsBarrowMapMarkerREF;Bleak Falls Barrow;;;;"[CELL:00000D74] (in Tamriel ""Skyrim"" [WRLD:0000003C])"
00016233;Skyrim.esm;AutumnwatchTowerMapMarker;Autumnwatch Tower;;;;"[CELL:00000D74] (in Tamriel ""Skyrim"" [WRLD:0000003C])"
00016234;Skyrim.esm;NorthwindSummitMapMarker;Northwind Summit;;;;"[CELL:00000D74] (in Tamriel ""Skyrim"" [WRLD:0000003C])"
00016235;Skyrim.esm;LostTongueOverlookMapMarker;Lost Tongue Overlook;;;;"[CELL:00000D74] (in Tamriel ""Skyrim"" [WRLD:0000003C])"
00016237;Skyrim.esm;ShearpointMapMarker;Shearpoint;;;;"[CELL:00000D74] (in Tamriel ""Skyrim"" [WRLD:0000003C])"
00016238;Skyrim.esm;EldersbloodPeakMapMarker;Eldersblood Peak;;;;"[CELL:00000D74] (in Tamriel ""Skyrim"" [WRLD:0000003C])"
00016239;Skyrim.esm;SkybornAltarMapMarker;Skyborn Altar;;;;"[CELL:00000D74] (in Tamriel ""Skyrim"" [WRLD:0000003C])"
0001623A;Skyrim.esm;;Steamcrag Camp;;;;"[CELL:00000D74] (in Tamriel ""Skyrim"" [WRLD:0000003C])"
0001623B;Skyrim.esm;DriftshadeSanctuaryMapMarker;Driftshade Refuge;;;;"[CELL:00000D74] (in Tamriel ""Skyrim"" [WRLD:0000003C])"
0001623C;Skyrim.esm;DruadachRedoubtMapMarker;Druadach Redoubt;;;;"[CELL:00000D74] (in Tamriel ""Skyrim"" [WRLD:0000003C])"
0001623D;Skyrim.esm;;Red Eagle Redoubt;;;;"[CELL:00000D74] (in Tamriel ""Skyrim"" [WRLD:0000003C])"
0001623E;Skyrim.esm;DushnikhYalMapMarkerREF;Dushnikh Yal;;;;"[CELL:00000D74] (in Tamriel ""Skyrim"" [WRLD:0000003C])"
0001623F;Skyrim.esm;;Duskglow Crevice;;;;"[CELL:00000D74] (in Tamriel ""Skyrim"" [WRLD:0000003C])"
00016241;Skyrim.esm;;Evergreen Grove;;;;"[CELL:00000D74] (in Tamriel ""Skyrim"" [WRLD:0000003C])"
00016242;Skyrim.esm;;Faldar's Tooth;;;;"[CELL:00000D74] (in Tamriel ""Skyrim"" [WRLD:0000003C])"
00016243;Skyrim.esm;;Fallowstone Cave;;;;"[CELL:00000D74] (in Tamriel ""Skyrim"" [WRLD:0000003C])"
00016244;Skyrim.esm;FellglowKeepMapMarkerRef;Fellglow Keep;;;;"[CELL:00000D74] (in Tamriel ""Skyrim"" [WRLD:0000003C])"
00016246;Skyrim.esm;;Folgunthur;;;;"[CELL:00000D74] (in Tamriel ""Skyrim"" [WRLD:0000003C])"
00016247;Skyrim.esm;;Forelhost;;;;"[CELL:00000D74] (in Tamriel ""Skyrim"" [WRLD:0000003C])"
00016248;Skyrim.esm;ForsakenCaveMapMarker;Forsaken Cave;;;;"[CELL:00000D74] (in Tamriel ""Skyrim"" [WRLD:0000003C])"
00016249;Skyrim.esm;;Fort Amol;;;;"[CELL:00000D74] (in Tamriel ""Skyrim"" [WRLD:0000003C])"
0001624A;Skyrim.esm;FortGreymoorMapMarker;Fort Greymoor;;;;"[CELL:00000D74] (in Tamriel ""Skyrim"" [WRLD:0000003C])"
0001624B;Skyrim.esm;;Fort Dunstad;;;;"[CELL:00000D74] (in Tamriel ""Skyrim"" [WRLD:0000003C])"
0001624C;Skyrim.esm;;Fort Fellhammer;;;;"[CELL:00000D74] (in Tamriel ""Skyrim"" [WRLD:0000003C])"
0001624D;Skyrim.esm;;Fort Greenwall;;;;"[CELL:00000D74] (in Tamriel ""Skyrim"" [WRLD:0000003C])"
0001624F;Skyrim.esm;;Fort Kastav;;;;"[CELL:00000D74] (in Tamriel ""Skyrim"" [WRLD:0000003C])"
00016250;Skyrim.esm;;Fort Neugrad;;;;"[CELL:00000D74] (in Tamriel ""Skyrim"" [WRLD:0000003C])"
00016251;Skyrim.esm;FortSnowhawkMapMarker;Fort Snowhawk;;;;"[CELL:00000D74] (in Tamriel ""Skyrim"" [WRLD:0000003C])"
00016252;Skyrim.esm;;Fort Sungard;;;;"[CELL:00000D74] (in Tamriel ""Skyrim"" [WRLD:0000003C])"
00016253;Skyrim.esm;;Frostflow Lighthouse;;;;"[CELL:00000D74] (in Tamriel ""Skyrim"" [WRLD:0000003C])"
00016254;Skyrim.esm;GallowsRockMapMarker;Gallows Rock;;;;"[CELL:00000D74] (in Tamriel ""Skyrim"" [WRLD:0000003C])"
00016255;Skyrim.esm;GeirmundsHallMapMarker;Geirmund's Hall;;;;"[CELL:00000D74] (in Tamriel ""Skyrim"" [WRLD:0000003C])"
00016256;Skyrim.esm;;Movarth's Lair;;;;"[CELL:00000D74] (in Tamriel ""Skyrim"" [WRLD:0000003C])"
00016257;Skyrim.esm;GlenmorilCovenMapMarker;Glenmoril Coven;;;;"[CELL:00000D74] (in Tamriel ""Skyrim"" [WRLD:0000003C])"
00016258;Skyrim.esm;;Gloomreach;;;;"[CELL:00000D74] (in Tamriel ""Skyrim"" [WRLD:0000003C])"
00016259;Skyrim.esm;GraywinterWatchMapMarker;Graywinter Watch;;;;"[CELL:00000D74] (in Tamriel ""Skyrim"" [WRLD:0000003C])"
0001625A;Skyrim.esm;;Greywater Grotto;;;;"[CELL:00000D74] (in Tamriel ""Skyrim"" [WRLD:0000003C])"
0001625B;Skyrim.esm;CrackedTuskMapMarker;Cracked Tusk Keep;;;;"[CELL:00000D74] (in Tamriel ""Skyrim"" [WRLD:0000003C])"
0001625C;Skyrim.esm;;Guldun Rock;;;;"[CELL:00000D74] (in Tamriel ""Skyrim"" [WRLD:0000003C])"
0001625D;Skyrim.esm;HaemarsShameMapMarkerREF;Haemar's Shame;;;;"[CELL:00000D74] (in Tamriel ""Skyrim"" [WRLD:0000003C])"
0001625E;Skyrim.esm;HagRockRedoubtMapMarker;Hag Rock Redoubt;;;;"[CELL:00000D74] (in Tamriel ""Skyrim"" [WRLD:0000003C])"
00016260;Skyrim.esm;;Halldir's Cairn;;;;"[CELL:00000D74] (in Tamriel ""Skyrim"" [WRLD:0000003C])"
00016261;Skyrim.esm;HaltedStreamCampMapMarker;Halted Stream Camp;;;;"[CELL:00000D74] (in Tamriel ""Skyrim"" [WRLD:0000003C])"
00016262;Skyrim.esm;;Harmugstahl;;;;"[CELL:00000D74] (in Tamriel ""Skyrim"" [WRLD:0000003C])"
00016263;Skyrim.esm;;High Gate Ruins;;;;"[CELL:00000D74] (in Tamriel ""Skyrim"" [WRLD:0000003C])"
00016264;Skyrim.esm;;Volunruud;;;;"[CELL:00000D74] (in Tamriel ""Skyrim"" [WRLD:0000003C])"
00016265;Skyrim.esm;BrittleShinPassNorthMapMarker;North Brittleshin Pass;;;;"[CELL:00000D74] (in Tamriel ""Skyrim"" [WRLD:0000003C])"
00016266;Skyrim.esm;HobsFallCaveMapMarker;Hob's Fall Cave;;;;"[CELL:00000D74] (in Tamriel ""Skyrim"" [WRLD:0000003C])"
00016267;Skyrim.esm;;Honeystrand Cave;;;;"[CELL:00000D74] (in Tamriel ""Skyrim"" [WRLD:0000003C])"
00016269;Skyrim.esm;;Greenspring Hollow;;;;"[CELL:00000D74] (in Tamriel ""Skyrim"" [WRLD:0000003C])"
0001626A;Skyrim.esm;IlinaltasDeepMapMarker;Ilinalta's Deep;;;;"[CELL:00000D74] (in Tamriel ""Skyrim"" [WRLD:0000003C])"
0001626B;Skyrim.esm;IrkngthandMapMarkerRef;Irkngthand;;;;"[CELL:00000D74] (in Tamriel ""Skyrim"" [WRLD:0000003C])"
0001626C;Skyrim.esm;KarthspireMapMarker;Karthspire;;;;"[CELL:00000D74] (in Tamriel ""Skyrim"" [WRLD:0000003C])"
0001626D;Skyrim.esm;KilkreathRuinsMapMarker;Statue to Meridia;;;;"[CELL:00000D74] (in Tamriel ""Skyrim"" [WRLD:0000003C])"
0001626E;Skyrim.esm;LabryinthianMapMarker;Labyrinthian;;;;"[CELL:00000D74] (in Tamriel ""Skyrim"" [WRLD:0000003C])"
0001626F;Skyrim.esm;LargashburMapMarker;Largashbur;;;;"[CELL:00000D74] (in Tamriel ""Skyrim"" [WRLD:0000003C])"
00016270;Skyrim.esm;;Liar's Retreat;;;;"[CELL:00000D74] (in Tamriel ""Skyrim"" [WRLD:0000003C])"
00016271;Skyrim.esm;YngolBarrowMapMarker;Yngol Barrow;;;;"[CELL:00000D74] (in Tamriel ""Skyrim"" [WRLD:0000003C])"
00016273;Skyrim.esm;;Lost Knife Hideout;;;;"[CELL:00000D74] (in Tamriel ""Skyrim"" [WRLD:0000003C])"
00016274;Skyrim.esm;;Lost Valley Redoubt;;;;"[CELL:00000D74] (in Tamriel ""Skyrim"" [WRLD:0000003C])"
00016275;Skyrim.esm;BilegulchMineMapMarker;Bilegulch Mine;;;;"[CELL:00000D74] (in Tamriel ""Skyrim"" [WRLD:0000003C])"
00016286;Skyrim.esm;;Mistwatch;;;;"[CELL:00000D74] (in Tamriel ""Skyrim"" [WRLD:0000003C])"
00016287;Skyrim.esm;MorKhazgurMapMarkerREF;Mor Khazgur;;;;"[CELL:00000D74] (in Tamriel ""Skyrim"" [WRLD:0000003C])"
00016288;Skyrim.esm;MapMarkerMorvunskarREF;Morvunskar;;;;"[CELL:00000D74] (in Tamriel ""Skyrim"" [WRLD:0000003C])"
00016289;Skyrim.esm;;Moss Mother Cavern;;;;"[CELL:00000D74] (in Tamriel ""Skyrim"" [WRLD:0000003C])"
0001628A;Skyrim.esm;MountAnthorMapMarker;Mount Anthor;;;;"[CELL:00000D74] (in Tamriel ""Skyrim"" [WRLD:0000003C])"
0001628B;Skyrim.esm;MzinchaleftMapMarkerRef;Mzinchaleft;;;;"[CELL:00000D74] (in Tamriel ""Skyrim"" [WRLD:0000003C])"
0001628C;Skyrim.esm;;Mzulft;;;;"[CELL:00000D74] (in Tamriel ""Skyrim"" [WRLD:0000003C])"
0001628D;Skyrim.esm;NarzulburMapMarker;Narzulbur;;;;"[CELL:00000D74] (in Tamriel ""Skyrim"" [WRLD:0000003C])"
0001628F;Skyrim.esm;;Nilheim;;;;"[CELL:00000D74] (in Tamriel ""Skyrim"" [WRLD:0000003C])"
00016290;Skyrim.esm;;Northwatch Keep;;;;"[CELL:00000D74] (in Tamriel ""Skyrim"" [WRLD:0000003C])"
00016291;Skyrim.esm;;Orotheim;;;;"[CELL:00000D74] (in Tamriel ""Skyrim"" [WRLD:0000003C])"
00016292;Skyrim.esm;OrphanRockMapMarker;Orphan Rock;;;;"[CELL:00000D74] (in Tamriel ""Skyrim"" [WRLD:0000003C])"
00016293;Skyrim.esm;;Pinemoon Cave;;;;"[CELL:00000D74] (in Tamriel ""Skyrim"" [WRLD:0000003C])"
00016294;Skyrim.esm;;Pinepeak Cavern;;;;"[CELL:00000D74] (in Tamriel ""Skyrim"" [WRLD:0000003C])"
00016295;Skyrim.esm;PinewatchMapMarker;Pinewatch;;;;"[CELL:00000D74] (in Tamriel ""Skyrim"" [WRLD:0000003C])"
0001629A;Skyrim.esm;;Ragnvald;;;;"[CELL:00000D74] (in Tamriel ""Skyrim"" [WRLD:0000003C])"
0001629B;Skyrim.esm;;Rannveig's Fast;;;;"[CELL:00000D74] (in Tamriel ""Skyrim"" [WRLD:0000003C])"
0001629C;Skyrim.esm;;Ravenscar Hollow;;;;"[CELL:00000D74] (in Tamriel ""Skyrim"" [WRLD:0000003C])"
0001629D;Skyrim.esm;ReachcliffCaveMapMarkerREF;Reachcliff Cave;;;;"[CELL:00000D74] (in Tamriel ""Skyrim"" [WRLD:0000003C])"
0001629E;Skyrim.esm;;Reachwater Rock;;;;"[CELL:00000D74] (in Tamriel ""Skyrim"" [WRLD:0000003C])"
0001629F;Skyrim.esm;;Redoran's Retreat;;;;"[CELL:00000D74] (in Tamriel ""Skyrim"" [WRLD:0000003C])"
000162A0;Skyrim.esm;RedRoadPassMapMarker;Red Road Pass;;;;"[CELL:00000D74] (in Tamriel ""Skyrim"" [WRLD:0000003C])"
000162A1;Skyrim.esm;;Rimerock Burrow;;;;"[CELL:00000D74] (in Tamriel ""Skyrim"" [WRLD:0000003C])"
000162A4;Skyrim.esm;RiverwoodMapMarker;Riverwood;;;;"[CELL:00000D74] (in Tamriel ""Skyrim"" [WRLD:0000003C])"
000162A5;Skyrim.esm;SaarthalMapMarker;Saarthal;;;;"[CELL:00000D74] (in Tamriel ""Skyrim"" [WRLD:0000003C])"
000162A6;Skyrim.esm;;Secunda's Kiss;;;;"[CELL:00000D74] (in Tamriel ""Skyrim"" [WRLD:0000003C])"
000162A7;Skyrim.esm;;Robber's Gorge;;;;"[CELL:00000D74] (in Tamriel ""Skyrim"" [WRLD:0000003C])"
000162A8;Skyrim.esm;;Shadowgreen Cavern;;;;"[CELL:00000D74] (in Tamriel ""Skyrim"" [WRLD:0000003C])"
000162A9;Skyrim.esm;;Shimmermist Cave;;;;"[CELL:00000D74] (in Tamriel ""Skyrim"" [WRLD:0000003C])"
000162AA;Skyrim.esm;MS07ShipwreckMapMarker;Wreck of the Icerunner;;;;"[CELL:00000D74] (in Tamriel ""Skyrim"" [WRLD:0000003C])"
000162AB;Skyrim.esm;;Wreck Of The Brinehammer;;;;"[CELL:00000D74] (in Tamriel ""Skyrim"" [WRLD:0000003C])"
000162AC;Skyrim.esm;;Hela's Folly;;;;"[CELL:00000D74] (in Tamriel ""Skyrim"" [WRLD:0000003C])"
000162AD;Skyrim.esm;;Pilgrim's Trench;;;;"[CELL:00000D74] (in Tamriel ""Skyrim"" [WRLD:0000003C])"
000162AE;Skyrim.esm;;Wreck of The Pride of Tel Vos;;;;"[CELL:00000D74] (in Tamriel ""Skyrim"" [WRLD:0000003C])"
000162AF;Skyrim.esm;;Wreck of the Winter War;;;;"[CELL:00000D74] (in Tamriel ""Skyrim"" [WRLD:0000003C])"
000162B0;Skyrim.esm;;Orphan's Tear;;;;"[CELL:00000D74] (in Tamriel ""Skyrim"" [WRLD:0000003C])"
000162B1;Skyrim.esm;;Shrouded Grove;;;;"[CELL:00000D74] (in Tamriel ""Skyrim"" [WRLD:0000003C])"
000162B3;Skyrim.esm;;Sightless Pit;;;;"[CELL:00000D74] (in Tamriel ""Skyrim"" [WRLD:0000003C])"
000162B4;Skyrim.esm;;Silent Moons Camp;;;;"[CELL:00000D74] (in Tamriel ""Skyrim"" [WRLD:0000003C])"
000162B5;Skyrim.esm;;Silverdrift Lair;;;;"[CELL:00000D74] (in Tamriel ""Skyrim"" [WRLD:0000003C])"
000162B6;Skyrim.esm;BonestrewnCrestMapMarker;Bonestrewn Crest;;;;"[CELL:00000D74] (in Tamriel ""Skyrim"" [WRLD:0000003C])"
000162B7;Skyrim.esm;EldergleamSanctuaryMapMarkerREF;Eldergleam Sanctuary;;;;"[CELL:00000D74] (in Tamriel ""Skyrim"" [WRLD:0000003C])"
000162B8;Skyrim.esm;;Sleeping Tree Camp;;;;"[CELL:00000D74] (in Tamriel ""Skyrim"" [WRLD:0000003C])"
000162BB;Skyrim.esm;SoljundsSinkholeMapMarker;Soljund's Sinkhole;;;;"[CELL:00000D74] (in Tamriel ""Skyrim"" [WRLD:0000003C])"
000162BF;Skyrim.esm;;Steepfall Burrow;;;;"[CELL:00000D74] (in Tamriel ""Skyrim"" [WRLD:0000003C])"
000162C0;Skyrim.esm;;Stillborn Cave;;;;"[CELL:00000D74] (in Tamriel ""Skyrim"" [WRLD:0000003C])"
000162C1;Skyrim.esm;StonehillBluffMapMarker;Stonehill Bluff;;;;"[CELL:00000D74] (in Tamriel ""Skyrim"" [WRLD:0000003C])"
000162C2;Skyrim.esm;PalemoonCryptMapMarker;Frostmere Crypt;;;;"[CELL:00000D74] (in Tamriel ""Skyrim"" [WRLD:0000003C])"
000162C3;Skyrim.esm;;Talking Stone Camp;;;;"[CELL:00000D74] (in Tamriel ""Skyrim"" [WRLD:0000003C])"
000162C4;Skyrim.esm;ThroatoftheWorldMapMarker;Throat of the World;;;;"[CELL:00000D74] (in Tamriel ""Skyrim"" [WRLD:0000003C])"
000162C5;Skyrim.esm;TolvaldsCaveMapMarkerRef;Tolvald's Cave;;;;"[CELL:00000D74] (in Tamriel ""Skyrim"" [WRLD:0000003C])"
000162C6;Skyrim.esm;;Treva's Watch;;;;"[CELL:00000D74] (in Tamriel ""Skyrim"" [WRLD:0000003C])"
000162C7;Skyrim.esm;;Tumble Arch Pass;;;;"[CELL:00000D74] (in Tamriel ""Skyrim"" [WRLD:0000003C])"
000162C8;Skyrim.esm;UtteringHillsCaveMapMarker;Uttering Hills Cave;;;;"[CELL:00000D74] (in Tamriel ""Skyrim"" [WRLD:0000003C])"
000162C9;Skyrim.esm;;Valtheim Towers;;;;"[CELL:00000D74] (in Tamriel ""Skyrim"" [WRLD:0000003C])"
000162CA;Skyrim.esm;VolskyggeMapMarker;Volskygge;;;;"[CELL:00000D74] (in Tamriel ""Skyrim"" [WRLD:0000003C])"
000162CB;Skyrim.esm;HillgrundsTombMapMarker;Hillgrund's Tomb;;;;"[CELL:00000D74] (in Tamriel ""Skyrim"" [WRLD:0000003C])"
000162CC;Skyrim.esm;;Serpent's Bluff Redoubt;;;;"[CELL:00000D74] (in Tamriel ""Skyrim"" [WRLD:0000003C])"
000162CD;Skyrim.esm;WhiteRiverWatchMapMarker;White River Watch;;;;"[CELL:00000D74] (in Tamriel ""Skyrim"" [WRLD:0000003C])"
000162D1;Skyrim.esm;WolfskullCave;Wolfskull Cave;;;;"[CELL:00000D74] (in Tamriel ""Skyrim"" [WRLD:0000003C])"
000162D2;Skyrim.esm;YsgramorsTombMapMarkerREF;Ysgramor's Tomb;;;;"[CELL:00000D74] (in Tamriel ""Skyrim"" [WRLD:0000003C])"
000162D3;Skyrim.esm;MapMarkerYngvildREF;Yngvild;;;;"[CELL:00000D74] (in Tamriel ""Skyrim"" [WRLD:0000003C])"
000162D6;Skyrim.esm;AngasMillMapMarker;Anga's Mill;;;;"[CELL:00000D74] (in Tamriel ""Skyrim"" [WRLD:0000003C])"
00016332;Skyrim.esm;;Battle-Born Farm;;;;"[CELL:00000D74] (in Tamriel ""Skyrim"" [WRLD:0000003C])"
00016339;Skyrim.esm;BrandyMugFarmMapMarkerRef;Brandy-Mug Farm;;;;"[CELL:00000D74] (in Tamriel ""Skyrim"" [WRLD:0000003C])"
0001633C;Skyrim.esm;;Chillfurrow Farm;;;;"[CELL:00000D74] (in Tamriel ""Skyrim"" [WRLD:0000003C])"
00016349;Skyrim.esm;;Gloombound Mine;;;;"[CELL:00000D74] (in Tamriel ""Skyrim"" [WRLD:0000003C])"
0001634C;Skyrim.esm;;Snow-Shod Farm;;;;"[CELL:00000D74] (in Tamriel ""Skyrim"" [WRLD:0000003C])"
0001634F;Skyrim.esm;;Heartwood Mill;;;;"[CELL:00000D74] (in Tamriel ""Skyrim"" [WRLD:0000003C])"
00016352;Skyrim.esm;HighHrothgarMapMarker;High Hrothgar;;;;"[CELL:00000D74] (in Tamriel ""Skyrim"" [WRLD:0000003C])"
00016355;Skyrim.esm;HlaaluFarmMapMarkerRef;Hlaalu Farm;;;;"[CELL:00000D74] (in Tamriel ""Skyrim"" [WRLD:0000003C])"
00016358;Skyrim.esm;HollyfrostFarmMapMarkerRef;Hollyfrost Farm;;;;"[CELL:00000D74] (in Tamriel ""Skyrim"" [WRLD:0000003C])"
0001635E;Skyrim.esm;SolitudeStablesMapMarker;Katla's Farm;;;;"[CELL:00000D74] (in Tamriel ""Skyrim"" [WRLD:0000003C])"
00016364;Skyrim.esm;LeftHandMineMapMarker;Left Hand Mine;;;;"[CELL:00000D74] (in Tamriel ""Skyrim"" [WRLD:0000003C])"
00016367;Skyrim.esm;LoreiusMapMarker;Loreius Farm;;;;"[CELL:00000D74] (in Tamriel ""Skyrim"" [WRLD:0000003C])"
0001636D;Skyrim.esm;;Mixwater Mill;;;;"[CELL:00000D74] (in Tamriel ""Skyrim"" [WRLD:0000003C])"
00016370;Skyrim.esm;HalfMoonMillMapMarker;Half-Moon Mill;;;;"[CELL:00000D74] (in Tamriel ""Skyrim"" [WRLD:0000003C])"
00016373;Skyrim.esm;;Pelagia Farm;;;;"[CELL:00000D74] (in Tamriel ""Skyrim"" [WRLD:0000003C])"
00016376;Skyrim.esm;SalviusFarmMapMarker;Salvius Farm;;;;"[CELL:00000D74] (in Tamriel ""Skyrim"" [WRLD:0000003C])"
00016379;Skyrim.esm;SarethiFarmMapMarker;Sarethi Farm;;;;"[CELL:00000D74] (in Tamriel ""Skyrim"" [WRLD:0000003C])"
00016382;Skyrim.esm;;Solitude Sawmill;;;;"[CELL:00000D74] (in Tamriel ""Skyrim"" [WRLD:0000003C])"
00016385;Skyrim.esm;;Whistling Mine;;;;"[CELL:00000D74] (in Tamriel ""Skyrim"" [WRLD:0000003C])"
00015D56;Skyrim.esm;MapMarkerAnsilvundREF;Ansilvund;;;;"[CELL:00000D74] (in Tamriel ""Skyrim"" [WRLD:0000003C])"
00015D51;Skyrim.esm;AngarvundeMapMarker;Angarvunde;;;;"[CELL:00000D74] (in Tamriel ""Skyrim"" [WRLD:0000003C])"
00015D4D;Skyrim.esm;;Swindler's Den;;;;"[CELL:00000D74] (in Tamriel ""Skyrim"" [WRLD:0000003C])"
00015D4A;Skyrim.esm;AlftandMapMarker;Alftand;;;;"[CELL:00000D74] (in Tamriel ""Skyrim"" [WRLD:0000003C])"
00017082;Skyrim.esm;NightCallerMapMarker;Nightcaller Temple;;;;"[CELL:00000D74] (in Tamriel ""Skyrim"" [WRLD:0000003C])"
0001A710;Skyrim.esm;GoldenglowMapMarkerRef;Goldenglow Estate;;;;"[CELL:00000D74] (in Tamriel ""Skyrim"" [WRLD:0000003C])"
0001C3B0;Skyrim.esm;DBSanctuaryMapMarker;Dark Brotherhood Sanctuary;;;;"[CELL:00000D74] (in Tamriel ""Skyrim"" [WRLD:0000003C])"
0002051D;Skyrim.esm;KolskeggrMineMapMarkerREF;Kolskeggr Mine;;;;"[CELL:00000D74] (in Tamriel ""Skyrim"" [WRLD:0000003C])"
0002C652;Skyrim.esm;;Brinewater Grotto;;;;"[CELL:00000D74] (in Tamriel ""Skyrim"" [WRLD:0000003C])"
0002D511;Skyrim.esm;SeptimusSignusOutpostMarkerREF;Septimus Signus's Outpost;;;;"[CELL:00000D74] (in Tamriel ""Skyrim"" [WRLD:0000003C])"
000268FF;Skyrim.esm;MerryFairMapMarker;Merryfair Farm;;;;"[CELL:00000D74] (in Tamriel ""Skyrim"" [WRLD:0000003C])"
00032875;Skyrim.esm;;Purewater Run;;;;"[CELL:00000D74] (in Tamriel ""Skyrim"" [WRLD:0000003C])"
00033E45;Skyrim.esm;;Thalmor Embassy;;;;"[CELL:00000D74] (in Tamriel ""Skyrim"" [WRLD:0000003C])"
0003F510;Skyrim.esm;FortHraggstadMapMarker;Fort Hraggstad;;;;"[CELL:00000D74] (in Tamriel ""Skyrim"" [WRLD:0000003C])"
00047D25;Skyrim.esm;nightingaleCaveMapMarkerREF;Nightingale Hall;;;;"[CELL:00000D74] (in Tamriel ""Skyrim"" [WRLD:0000003C])"
00038593;Skyrim.esm;HonningbrewMeaderyMapMarker;Honningbrew Meadery;;;;"[CELL:00000D74] (in Tamriel ""Skyrim"" [WRLD:0000003C])"
0004D8DA;Skyrim.esm;DA02BoethiahShrineMapMarker;Sacellum of Boethiah;;;;"[CELL:00000D74] (in Tamriel ""Skyrim"" [WRLD:0000003C])"
0004FEF2;Skyrim.esm;;East Empire Company Warehouse;;;;"[CELL:00000D74] (in Tamriel ""Skyrim"" [WRLD:0000003C])"
0005254D;Skyrim.esm;AbandonedShackMapMarker;Abandoned Shack;;;;"[CELL:00000D74] (in Tamriel ""Skyrim"" [WRLD:0000003C])"
00046BAB;Skyrim.esm;;Bronze Water Cave;;;;"[CELL:00000D74] (in Tamriel ""Skyrim"" [WRLD:0000003C])"
00068094;Skyrim.esm;;Snapleg Cave;;;;"[CELL:00000D74] (in Tamriel ""Skyrim"" [WRLD:0000003C])"
0006CCC8;Skyrim.esm;ShroudHearthMapMarker;Shroud Hearth Barrow;;;;"[CELL:00000D74] (in Tamriel ""Skyrim"" [WRLD:0000003C])"
0003F076;Skyrim.esm;;Ironbind Barrow;;;;"[CELL:00000D74] (in Tamriel ""Skyrim"" [WRLD:0000003C])"
0007BC2D;Skyrim.esm;DaintySloadMapMarker;Dainty Sload;;;;"[CELL:00000D74] (in Tamriel ""Skyrim"" [WRLD:0000003C])"
00072879;Skyrim.esm;WhiterunStablesMapMarker;Whiterun Stables;;;;"[CELL:00000D74] (in Tamriel ""Skyrim"" [WRLD:0000003C])"
0008D5D6;Skyrim.esm;;Valthume;;;;"[CELL:00000D74] (in Tamriel ""Skyrim"" [WRLD:0000003C])"
00092496;Skyrim.esm;ShrineofAzuraMapMarkerREF;Shrine of Azura;;;;"[CELL:00000D74] (in Tamriel ""Skyrim"" [WRLD:0000003C])"
000B6046;Skyrim.esm;;Darkshade;;;;"[CELL:00000D74] (in Tamriel ""Skyrim"" [WRLD:0000003C])"
000B6295;Skyrim.esm;;Sundered Towers;;;;"[CELL:00000D74] (in Tamriel ""Skyrim"" [WRLD:0000003C])"
000B629F;Skyrim.esm;;Rebel's Cairn;;;;"[CELL:00000D74] (in Tamriel ""Skyrim"" [WRLD:0000003C])"
000B6CDF;Skyrim.esm;EmbershardMineMapMarker;Embershard Mine;;;;"[CELL:00000D74] (in Tamriel ""Skyrim"" [WRLD:0000003C])"
000B77C3;Skyrim.esm;;Broken Oar Grotto;;;;"[CELL:00000D74] (in Tamriel ""Skyrim"" [WRLD:0000003C])"
000BB47C;Skyrim.esm;;Bleakwind Bluff;;;;"[CELL:00000D74] (in Tamriel ""Skyrim"" [WRLD:0000003C])"
0005E0A6;Skyrim.esm;;Dawnstar Sanctuary;;;;"[CELL:00000D74] (in Tamriel ""Skyrim"" [WRLD:0000003C])"
0002DDD1;Skyrim.esm;SnowVeilSanctumMapMarker;Snow Veil Sanctum;;;;"[CELL:00000D74] (in Tamriel ""Skyrim"" [WRLD:0000003C])"
0004781E;Skyrim.esm;;Bannermist Tower;;;;"[CELL:00000D74] (in Tamriel ""Skyrim"" [WRLD:0000003C])"
00047875;Skyrim.esm;;Roadside Ruins;;;;"[CELL:00000D74] (in Tamriel ""Skyrim"" [WRLD:0000003C])"
00047880;Skyrim.esm;;Peak's Shade Tower;;;;"[CELL:00000D74] (in Tamriel ""Skyrim"" [WRLD:0000003C])"
0004788C;Skyrim.esm;;Falkreath Watchtower;;;;"[CELL:00000D74] (in Tamriel ""Skyrim"" [WRLD:0000003C])"
000479BB;Skyrim.esm;;South Skybound Watch;;;;"[CELL:00000D74] (in Tamriel ""Skyrim"" [WRLD:0000003C])"
0004B6EB;Skyrim.esm;;North Skybound Watch;;;;"[CELL:00000D74] (in Tamriel ""Skyrim"" [WRLD:0000003C])"
00016EB2;Skyrim.esm;BloodletThroneMapMarker;Bloodlet Throne;;;;"[CELL:00000D74] (in Tamriel ""Skyrim"" [WRLD:0000003C])"
000A7CE5;Skyrim.esm;;Black-Briar Lodge;;;;"[CELL:00000D74] (in Tamriel ""Skyrim"" [WRLD:0000003C])"
000C016D;Skyrim.esm;SolitudeLighthouseMapmarkerRef;Solitude Lighthouse;;;;"[CELL:00000D74] (in Tamriel ""Skyrim"" [WRLD:0000003C])"
000C4D20;Skyrim.esm;;The Katariah;;;;"[CELL:00000D74] (in Tamriel ""Skyrim"" [WRLD:0000003C])"
000CF27D;Skyrim.esm;;Angi's Camp;;;;"[CELL:00000D74] (in Tamriel ""Skyrim"" [WRLD:0000003C])"
000D30DA;Skyrim.esm;TowerofMzarkMapMarker;Tower of Mzark;;;;"[CELL:00000D74] (in Tamriel ""Skyrim"" [WRLD:0000003C])"
000D392D;Skyrim.esm;;Froki's Shack;;;;"[CELL:00000D74] (in Tamriel ""Skyrim"" [WRLD:0000003C])"
000D3930;Skyrim.esm;;Rift Watchtower;;;;"[CELL:00000D74] (in Tamriel ""Skyrim"" [WRLD:0000003C])"
000D3931;Skyrim.esm;;Alchemist's Shack;;;;"[CELL:00000D74] (in Tamriel ""Skyrim"" [WRLD:0000003C])"
000D3934;Skyrim.esm;;Shor's Watchtower;;;;"[CELL:00000D74] (in Tamriel ""Skyrim"" [WRLD:0000003C])"
000D3935;Skyrim.esm;;The Shadow Stone;;;;"[CELL:00000D74] (in Tamriel ""Skyrim"" [WRLD:0000003C])"
000D3938;Skyrim.esm;;Lost Prospect Mine;;;;"[CELL:00000D74] (in Tamriel ""Skyrim"" [WRLD:0000003C])"
000D3939;Skyrim.esm;;Ruins of Rkund;;;;"[CELL:00000D74] (in Tamriel ""Skyrim"" [WRLD:0000003C])"
000D393C;Skyrim.esm;;Ruins of Bthalft;;;;"[CELL:00000D74] (in Tamriel ""Skyrim"" [WRLD:0000003C])"
000DB889;Skyrim.esm;WhiterunWatchtowerMapMarker;Western Watchtower;;;;"[CELL:00000D74] (in Tamriel ""Skyrim"" [WRLD:0000003C])"
000DED8E;Skyrim.esm;;Gjukar's Monument;;;;"[CELL:00000D74] (in Tamriel ""Skyrim"" [WRLD:0000003C])"
000DED90;Skyrim.esm;;The Lady Stone;;;;"[CELL:00000D74] (in Tamriel ""Skyrim"" [WRLD:0000003C])"
000E0ED5;Skyrim.esm;;The Tower Stone;;;;"[CELL:00000D74] (in Tamriel ""Skyrim"" [WRLD:0000003C])"
000E0F47;Skyrim.esm;;The Lord Stone;;;;"[CELL:00000D74] (in Tamriel ""Skyrim"" [WRLD:0000003C])"
000E0F4C;Skyrim.esm;;The Atronach Stone;;;;"[CELL:00000D74] (in Tamriel ""Skyrim"" [WRLD:0000003C])"
000E0F69;Skyrim.esm;DoomstoneSerpentMapMarker;The Serpent Stone;;;;"[CELL:00000D74] (in Tamriel ""Skyrim"" [WRLD:0000003C])"
000E1B80;Skyrim.esm;WitchmistGroveMapmarkerRef;Witchmist Grove;;;;"[CELL:00000D74] (in Tamriel ""Skyrim"" [WRLD:0000003C])"
000E66A3;Skyrim.esm;;Lund's Hut;;;;"[CELL:00000D74] (in Tamriel ""Skyrim"" [WRLD:0000003C])"
000E66A7;Skyrim.esm;;Crabber's Shanty;;;;"[CELL:00000D74] (in Tamriel ""Skyrim"" [WRLD:0000003C])"
000E66AD;Skyrim.esm;;Drelas' Cottage;;;;"[CELL:00000D74] (in Tamriel ""Skyrim"" [WRLD:0000003C])"
00080E56;Skyrim.esm;;Kagrenzel;;;;"[CELL:00000D74] (in Tamriel ""Skyrim"" [WRLD:0000003C])"
00080F13;Skyrim.esm;StonyCreekCaveMapMarker;Stony Creek Cave;;;;"[CELL:00000D74] (in Tamriel ""Skyrim"" [WRLD:0000003C])"
00082213;Skyrim.esm;BrittleShinPassSouthMapMarker;South Brittleshin Pass;;;;"[CELL:00000D74] (in Tamriel ""Skyrim"" [WRLD:0000003C])"
00090595;Skyrim.esm;;Raldbthar;;;;"[CELL:00000D74] (in Tamriel ""Skyrim"" [WRLD:0000003C])"
0001BAB9;Skyrim.esm;;The Apprentice Stone;;;;"[CELL:00000D74] (in Tamriel ""Skyrim"" [WRLD:0000003C])"
0001BABB;Skyrim.esm;;The Lover Stone;;;;"[CELL:00000D74] (in Tamriel ""Skyrim"" [WRLD:0000003C])"
0001BABD;Skyrim.esm;;The Guardian Stones;;;;"[CELL:00000D74] (in Tamriel ""Skyrim"" [WRLD:0000003C])"
0001BAC0;Skyrim.esm;;The Steed Stone;;;;"[CELL:00000D74] (in Tamriel ""Skyrim"" [WRLD:0000003C])"
000246A5;Skyrim.esm;DagonShrineMapMarker;Shrine of Mehrunes Dagon;;;;"[CELL:00000D74] (in Tamriel ""Skyrim"" [WRLD:0000003C])"
0009846F;Skyrim.esm;;Windhelm Stables;;;;"[CELL:00000D74] (in Tamriel ""Skyrim"" [WRLD:0000003C])"
000AD066;Skyrim.esm;;Shrine to Peryite;;;;"[CELL:00000D74] (in Tamriel ""Skyrim"" [WRLD:0000003C])"
000B83C8;Skyrim.esm;ShriekwindBastionMapMarker;South Shriekwind Bastion;;;;"[CELL:00000D74] (in Tamriel ""Skyrim"" [WRLD:0000003C])"
000BC0AA;Skyrim.esm;;Weynon Stones;;;;"[CELL:00000D74] (in Tamriel ""Skyrim"" [WRLD:0000003C])"
000D9531;Skyrim.esm;;Anise's Cabin;;;;"[CELL:00000D74] (in Tamriel ""Skyrim"" [WRLD:0000003C])"
000E962F;Skyrim.esm;MarkarthStablesMapMarker;Markarth Stables;;;;"[CELL:00000D74] (in Tamriel ""Skyrim"" [WRLD:0000003C])"
000ECF49;Skyrim.esm;;Abandoned Prison;;;;"[CELL:00000D74] (in Tamriel ""Skyrim"" [WRLD:0000003C])"
000ECF4F;Skyrim.esm;;Riverside Shack;;;;"[CELL:00000D74] (in Tamriel ""Skyrim"" [WRLD:0000003C])"
000ECF51;Skyrim.esm;;Mara's Eye Pond;;;;"[CELL:00000D74] (in Tamriel ""Skyrim"" [WRLD:0000003C])"
000ECF86;Skyrim.esm;;Broken Limb Camp;;;;"[CELL:00000D74] (in Tamriel ""Skyrim"" [WRLD:0000003C])"
000EE79C;Skyrim.esm;;Hamvir's Rest;;;;"[CELL:00000D74] (in Tamriel ""Skyrim"" [WRLD:0000003C])"
000EF0A7;Skyrim.esm;;Widow's Watch Ruins;;;;"[CELL:00000D74] (in Tamriel ""Skyrim"" [WRLD:0000003C])"
000EF0AE;Skyrim.esm;;Skytemple Ruins;;;;"[CELL:00000D74] (in Tamriel ""Skyrim"" [WRLD:0000003C])"
000EF0BA;Skyrim.esm;;Pinefrost Tower;;;;"[CELL:00000D74] (in Tamriel ""Skyrim"" [WRLD:0000003C])"
000EF543;Skyrim.esm;;Ironback Hideout;;;;"[CELL:00000D74] (in Tamriel ""Skyrim"" [WRLD:0000003C])"
000EF549;Skyrim.esm;;Journeyman's Nook;;;;"[CELL:00000D74] (in Tamriel ""Skyrim"" [WRLD:0000003C])"
000EF570;Skyrim.esm;;Refugees' Rest;;;;"[CELL:00000D74] (in Tamriel ""Skyrim"" [WRLD:0000003C])"
000F4FE7;Skyrim.esm;;Lower Steepfall Burrow;;;;"[CELL:00000D74] (in Tamriel ""Skyrim"" [WRLD:0000003C])"
000F52B2;Skyrim.esm;;Hunter's Rest;;;;"[CELL:00000D74] (in Tamriel ""Skyrim"" [WRLD:0000003C])"
000F52D8;Skyrim.esm;;Boulderfall Cave;;;;"[CELL:00000D74] (in Tamriel ""Skyrim"" [WRLD:0000003C])"
000F5B8D;Skyrim.esm;;Dustman's Cairn;;;;"[CELL:00000D74] (in Tamriel ""Skyrim"" [WRLD:0000003C])"
000F5EA8;Skyrim.esm;;Sunderstone Gorge;;;;"[CELL:00000D74] (in Tamriel ""Skyrim"" [WRLD:0000003C])"
000F5EAF;Skyrim.esm;;South Cold Rock Pass;;;;"[CELL:00000D74] (in Tamriel ""Skyrim"" [WRLD:0000003C])"
000F5EB1;Skyrim.esm;;North Cold Rock Pass;;;;"[CELL:00000D74] (in Tamriel ""Skyrim"" [WRLD:0000003C])"
000F6698;Skyrim.esm;;Karthspire Camp;;;;"[CELL:00000D74] (in Tamriel ""Skyrim"" [WRLD:0000003C])"
000F6F11;Skyrim.esm;;Meeko's Shack;;;;"[CELL:00000D74] (in Tamriel ""Skyrim"" [WRLD:0000003C])"
000F81D9;Skyrim.esm;;Great Lift at Raldbthar;;;;"[CELL:00000D74] (in Tamriel ""Skyrim"" [WRLD:0000003C])"
000F81DA;Skyrim.esm;;Great Lift at Mzinchaleft;;;;"[CELL:00000D74] (in Tamriel ""Skyrim"" [WRLD:0000003C])"
000F81DB;Skyrim.esm;;Great Lift at Alftand;;;;"[CELL:00000D74] (in Tamriel ""Skyrim"" [WRLD:0000003C])"
000F5FEF;Skyrim.esm;ArcwindPointMapMarker;Arcwind Point;;;;"[CELL:00000D74] (in Tamriel ""Skyrim"" [WRLD:0000003C])"
000FDA48;Skyrim.esm;;Bonechill Passage;;;;"[CELL:00000D74] (in Tamriel ""Skyrim"" [WRLD:0000003C])"
000FDBDE;Skyrim.esm;;Northwind Mine;;;;"[CELL:00000D74] (in Tamriel ""Skyrim"" [WRLD:0000003C])"
00108A58;Skyrim.esm;StendarrsBeaconMapMarkerREF;Stendarr's Beacon;;;;"[CELL:00000D74] (in Tamriel ""Skyrim"" [WRLD:0000003C])"
0010B2C8;Skyrim.esm;ReachcliffSecretMapMarker;Reachcliff Secret Entrance;;;;"[CELL:00000D74] (in Tamriel ""Skyrim"" [WRLD:0000003C])"
000F5FDE;Skyrim.esm;ReachwindEyrieMapMarker;Reachwind Eyrie;;;WarehouseLocation;"WarehouseMapMarkers ""Warehouse Map Markers"" [CELL:000F5EDC]"
02013F21;Dawnguard.esm;DLC1DawnguardMapMarkerMain;Fort Dawnguard;;1;;"[CELL:02001DBB] (in DLC1HunterHQWorld ""Dayspring Canyon"" [WRLD:02001DB8])"
0200FC6C;Dawnguard.esm;DLC1DawnguardMapMarkerValley01;Fort Dawnguard;;;;"[CELL:02001DBB] (in DLC1HunterHQWorld ""Dayspring Canyon"" [WRLD:02001DB8])"
020088E0;Dawnguard.esm;;Forgotten Vale;;;;"[CELL:02000EA6] (in DLC01FalmerValley ""Forgotten Vale"" [WRLD:02000BB5])"
02002F6F;Dawnguard.esm;;Dimhollow Crypt;;;;"[CELL:00000D74] (in Tamriel ""Skyrim"" [WRLD:0000003C])"
02004BA5;Dawnguard.esm;DLC1AncestorGladeMapMarker;Ancestor Glade;;;;"[CELL:00000D74] (in Tamriel ""Skyrim"" [WRLD:0000003C])"
02004C0F;Dawnguard.esm;DLC1VQ07MapMarker;Darkfall Cave;;;;"[CELL:00000D74] (in Tamriel ""Skyrim"" [WRLD:0000003C])"
0200777E;Dawnguard.esm;DLC1RedwaterDenMapMarker;Redwater Den;;;;"[CELL:00000D74] (in Tamriel ""Skyrim"" [WRLD:0000003C])"
02007B23;Dawnguard.esm;DLC1RuunvaldMapMarker;Ruunvald;;;;"[CELL:00000D74] (in Tamriel ""Skyrim"" [WRLD:0000003C])"
02008257;Dawnguard.esm;ArkngthamzMapMarkerRef;Arkngthamz;;;;"[CELL:00000D74] (in Tamriel ""Skyrim"" [WRLD:0000003C])"
02008E41;Dawnguard.esm;DLC1VolkiharFerryRef;Icewater Jetty;;;;"[CELL:00000D74] (in Tamriel ""Skyrim"" [WRLD:0000003C])"
0200BA4D;Dawnguard.esm;DLC1VampireCastleMapMarker;Castle Volkihar;;;;"[CELL:00000D74] (in Tamriel ""Skyrim"" [WRLD:0000003C])"
0200D0AE;Dawnguard.esm;DLC1MolderingRuinsMapMarkerREF;Moldering Ruins;;;;"[CELL:00000D74] (in Tamriel ""Skyrim"" [WRLD:0000003C])"
0200D165;Dawnguard.esm;;Castle Volkihar Balcony;;;;"[CELL:00000D74] (in Tamriel ""Skyrim"" [WRLD:0000003C])"
02003CFE;Dawnguard.esm;DLC1ForbearsHoldoutMapMarkerREF;Forebears' Holdout;;;;"[CELL:00000D74] (in Tamriel ""Skyrim"" [WRLD:0000003C])"
020030AA;HearthFires.esm;BYOHHouse1MapMarker;Lakeview Manor;;;;"[CELL:00000D74] (in Tamriel ""Skyrim"" [WRLD:0000003C])"
0200B8B0;HearthFires.esm;BYOHHouse2MapMarker;Windstad Manor;;;;"[CELL:00000D74] (in Tamriel ""Skyrim"" [WRLD:0000003C])"
02010DE8;HearthFires.esm;BYOHHouse3MapMarker;Heljarchen Hall;;;;"[CELL:00000D74] (in Tamriel ""Skyrim"" [WRLD:0000003C])"
020143BD;Dragonborn.esm;;Altar of Thrond;;;;"[CELL:040142EC] (in DLC2SolstheimWorld ""Solstheim"" [WRLD:04000800])"
020143BE;Dragonborn.esm;;Benkongerike;;;;"[CELL:040142EC] (in DLC2SolstheimWorld ""Solstheim"" [WRLD:04000800])"
020143BF;Dragonborn.esm;;Bloodskal Barrow;;;;"[CELL:040142EC] (in DLC2SolstheimWorld ""Solstheim"" [WRLD:04000800])"
020143C0;Dragonborn.esm;;Brodir Grove;;;;"[CELL:040142EC] (in DLC2SolstheimWorld ""Solstheim"" [WRLD:04000800])"
020143C1;Dragonborn.esm;;Castle Karstaag Ruins;;;;"[CELL:040142EC] (in DLC2SolstheimWorld ""Solstheim"" [WRLD:04000800])"
020143C2;Dragonborn.esm;;Fahlbtharz;;;;"[CELL:040142EC] (in DLC2SolstheimWorld ""Solstheim"" [WRLD:04000800])"
020143C3;Dragonborn.esm;;Kagrumez;;;;"[CELL:040142EC] (in DLC2SolstheimWorld ""Solstheim"" [WRLD:04000800])"
020143C4;Dragonborn.esm;DLC2FrostmothMapMarkerRef;Fort Frostmoth;;;;"[CELL:040142EC] (in DLC2SolstheimWorld ""Solstheim"" [WRLD:04000800])"
020143C5;Dragonborn.esm;;Frossel;;;;"[CELL:040142EC] (in DLC2SolstheimWorld ""Solstheim"" [WRLD:04000800])"
020143C6;Dragonborn.esm;DLC2GyldenhulBarrowMapMarker;Gyldenhul Barrow;;;;"[CELL:040142EC] (in DLC2SolstheimWorld ""Solstheim"" [WRLD:04000800])"
020143C7;Dragonborn.esm;;Horker Island;;;;"[CELL:040142EC] (in DLC2SolstheimWorld ""Solstheim"" [WRLD:04000800])"
020143C9;Dragonborn.esm;;Nchardak;;;;"[CELL:040142EC] (in DLC2SolstheimWorld ""Solstheim"" [WRLD:04000800])"
020143CA;Dragonborn.esm;DLC2TempleofMiraakMapMarker;Temple of Miraak;;;;"[CELL:040142EC] (in DLC2SolstheimWorld ""Solstheim"" [WRLD:04000800])"
020143CB;Dragonborn.esm;DLC2VahloksTombMapMarkerDUPLICATE001;Vahlok's Tomb;;;;"[CELL:040142EC] (in DLC2SolstheimWorld ""Solstheim"" [WRLD:04000800])"
020143CC;Dragonborn.esm;DLC2dunKolbjornMapMarker;Kolbjorn Barrow;;;;"[CELL:040142EC] (in DLC2SolstheimWorld ""Solstheim"" [WRLD:04000800])"
020143CD;Dragonborn.esm;;White Ridge Barrow;;;;"[CELL:040142EC] (in DLC2SolstheimWorld ""Solstheim"" [WRLD:04000800])"
020143CE;Dragonborn.esm;;Moesring Pass;;;;"[CELL:040142EC] (in DLC2SolstheimWorld ""Solstheim"" [WRLD:04000800])"
020143CF;Dragonborn.esm;;Wreck of the Strident Squall;;;;"[CELL:040142EC] (in DLC2SolstheimWorld ""Solstheim"" [WRLD:04000800])"
020143D0;Dragonborn.esm;;Bujold's Retreat;;;;"[CELL:040142EC] (in DLC2SolstheimWorld ""Solstheim"" [WRLD:04000800])"
020143D1;Dragonborn.esm;DLC2FrostmoonCragMapMarker;Frostmoon Crag;;;;"[CELL:040142EC] (in DLC2SolstheimWorld ""Solstheim"" [WRLD:04000800])"
020143D4;Dragonborn.esm;;Broken Tusk Mine;;;;"[CELL:040142EC] (in DLC2SolstheimWorld ""Solstheim"" [WRLD:04000800])"
020143D5;Dragonborn.esm;DLC2HankirsShoalMapMarker;Haknir's Shoal;;;;"[CELL:040142EC] (in DLC2SolstheimWorld ""Solstheim"" [WRLD:04000800])"
020143D6;Dragonborn.esm;;Hrodulf's House;;;;"[CELL:040142EC] (in DLC2SolstheimWorld ""Solstheim"" [WRLD:04000800])"
020143D7;Dragonborn.esm;;Glacial Cave;;;;"[CELL:040142EC] (in DLC2SolstheimWorld ""Solstheim"" [WRLD:04000800])"
020143D8;Dragonborn.esm;DLC2AshfallowMapMarker;Ashfallow Citadel;;;;"[CELL:040142EC] (in DLC2SolstheimWorld ""Solstheim"" [WRLD:04000800])"
020143D9;Dragonborn.esm;DLC2HightpointTowerMapMarker;Highpoint Tower;;;;"[CELL:040142EC] (in DLC2SolstheimWorld ""Solstheim"" [WRLD:04000800])"
020143DA;Dragonborn.esm;;Northshore Landing;;;;"[CELL:040142EC] (in DLC2SolstheimWorld ""Solstheim"" [WRLD:04000800])"
020143DC;Dragonborn.esm;DLC2RavenRockMapMarker;Raven Rock;;;;"[CELL:040142EC] (in DLC2SolstheimWorld ""Solstheim"" [WRLD:04000800])"
020143E2;Dragonborn.esm;DLC2SkaalVillageMapMarker;Skaal Village;;;;"[CELL:040142EC] (in DLC2SolstheimWorld ""Solstheim"" [WRLD:04000800])"
020143E3;Dragonborn.esm;DLC2StoneBeastMapMarker;Beast Stone;;;;"[CELL:040142EC] (in DLC2SolstheimWorld ""Solstheim"" [WRLD:04000800])"
020143E4;Dragonborn.esm;DLC2StoneEarthMapMarker;Earth Stone;;;;"[CELL:040142EC] (in DLC2SolstheimWorld ""Solstheim"" [WRLD:04000800])"
020143E5;Dragonborn.esm;DLC2StoneSunMapMarker;Sun Stone;;;;"[CELL:040142EC] (in DLC2SolstheimWorld ""Solstheim"" [WRLD:04000800])"
020143E6;Dragonborn.esm;DLC2StoneWaterMapMarker;Water Stone;;;;"[CELL:040142EC] (in DLC2SolstheimWorld ""Solstheim"" [WRLD:04000800])"
020143E7;Dragonborn.esm;DLC2StoneWindMapMarker;Wind Stone;;;;"[CELL:040142EC] (in DLC2SolstheimWorld ""Solstheim"" [WRLD:04000800])"
020143E8;Dragonborn.esm;DLC2TelMithrynMapMarker;Tel Mithryn;;;;"[CELL:040142EC] (in DLC2SolstheimWorld ""Solstheim"" [WRLD:04000800])"
020143E9;Dragonborn.esm;;Thirsk Mead Hall;;;;"[CELL:040142EC] (in DLC2SolstheimWorld ""Solstheim"" [WRLD:04000800])"
02017B68;Dragonborn.esm;;Abandoned Lodge;;;;"[CELL:040142EC] (in DLC2SolstheimWorld ""Solstheim"" [WRLD:04000800])"
02017BB0;Dragonborn.esm;;Hrothmund's Barrow;;;;"[CELL:040142EC] (in DLC2SolstheimWorld ""Solstheim"" [WRLD:04000800])"
02018ED8;Dragonborn.esm;;Castle Karstaag Caverns;;;;"[CELL:040142EC] (in DLC2SolstheimWorld ""Solstheim"" [WRLD:04000800])"
02019D1C;Dragonborn.esm;DLC2SaeringsWatchMapMarker;Saering's Watch;;;;"[CELL:040142EC] (in DLC2SolstheimWorld ""Solstheim"" [WRLD:04000800])"
0201A562;Dragonborn.esm;DLC2RRAttiusFarmMapMarker;Old Attius Farm;;;;"[CELL:040142EC] (in DLC2SolstheimWorld ""Solstheim"" [WRLD:04000800])"
0201BC48;Dragonborn.esm;;Bristleback Cave;;;;"[CELL:040142EC] (in DLC2SolstheimWorld ""Solstheim"" [WRLD:04000800])"
020247C8;Dragonborn.esm;;Snowclad Ruins;;;;"[CELL:040142EC] (in DLC2SolstheimWorld ""Solstheim"" [WRLD:04000800])"
020296DE;Dragonborn.esm;;Damphall Mine;;;;"[CELL:040142EC] (in DLC2SolstheimWorld ""Solstheim"" [WRLD:04000800])"
020296E0;Dragonborn.esm;DLC2StalhrimSourceMapMarkerREF;Stalhrim Source;;;;"[CELL:040142EC] (in DLC2SolstheimWorld ""Solstheim"" [WRLD:04000800])"
02034EE4;Dragonborn.esm;;Ramshackle Trading Post;;;;"[CELL:040142EC] (in DLC2SolstheimWorld ""Solstheim"" [WRLD:04000800])"
020365F1;Dragonborn.esm;DLC2HvitkaldPeakMapMarker;Hvitkald Peak;;;;"[CELL:040142EC] (in DLC2SolstheimWorld ""Solstheim"" [WRLD:04000800])"
02039F96;Dragonborn.esm;;Headwaters of Harstrad;;;;"[CELL:040142EC] (in DLC2SolstheimWorld ""Solstheim"" [WRLD:04000800])"
0203A2C7;Dragonborn.esm;DLC2MountMoesringMapMarker;Mount Moesring;;;;"[CELL:040142EC] (in DLC2SolstheimWorld ""Solstheim"" [WRLD:04000800])"
0203A2C9;Dragonborn.esm;DLC2MortragPeakMapMarker;Mortrag Peak;;;;"[CELL:040142EC] (in DLC2SolstheimWorld ""Solstheim"" [WRLD:04000800])"
0203A2CB;Dragonborn.esm;DLC2FryktePeakMapMarker;Frykte Peak;;;;"[CELL:040142EC] (in DLC2SolstheimWorld ""Solstheim"" [WRLD:04000800])"
0202C49B;Dragonborn.esm;DLC2EbonyWarriorMapMarker;Last Vigil;;;;"[CELL:00000D74] (in Tamriel ""Skyrim"" [WRLD:0000003C])"
050BC826;ccasvsse001-almsivi.esm;ccASVSSE001_MMarker;Ashfall's Tear;;;;"[CELL:040142EC] (in DLC2SolstheimWorld ""Solstheim"" [WRLD:04000800])"
03000B86;ccbgssse005-goldbrand.esl;ccBGSSSE005_SivdurRespiteMapMarker;Sivdur's Respite;;;;"[CELL:00000D74] (in Tamriel ""Skyrim"" [WRLD:0000003C])"
050038D6;cctwbsse001-puzzledungeon.esm;DLCDwarvenPuzzleDungeonMapMarker;Runoff Cavern;;1;;"[CELL:00000D74] (in Tamriel ""Skyrim"" [WRLD:0000003C])"
05000B8A;cceejsse001-hstead.esm;;Tundra Homestead;;1;;"[CELL:00000D74] (in Tamriel ""Skyrim"" [WRLD:0000003C])"
05000FA2;cceejsse002-tower.esl;;Myrwatch;;1;;"[CELL:00000D74] (in Tamriel ""Skyrim"" [WRLD:0000003C])"
0200CD93;ccbgssse016-umbra.esm;;Champion's Rest;;1;;"[CELL:00000D74] (in Tamriel ""Skyrim"" [WRLD:0000003C])"
05000BDF;ccbgssse040-advobgobs.esl;;Gromm's Pass;;;;"[CELL:00000D74] (in Tamriel ""Skyrim"" [WRLD:0000003C])"
0500085C;ccbgssse059-ba_dragonplate.esl;ccBGSSSE059_MapREF;Crowstooth's Camp;;;;"[CELL:00000D74] (in Tamriel ""Skyrim"" [WRLD:0000003C])"
051D67E4;ccbgssse067-daedinv.esm;ccBGSSSE067_MapMarkerVarlaisCavern;Varlais Cavern;;;;"[CELL:00000D74] (in Tamriel ""Skyrim"" [WRLD:0000003C])"
051D67E3;ccbgssse067-daedinv.esm;ccBGSSSE067_MapMarkerRedScarCavern;Red Scar Cavern;;;;"[CELL:00000D74] (in Tamriel ""Skyrim"" [WRLD:0000003C])"
05000B63;ccvsvsse004-beafarmer.esl;MapMarkerFarm;Goldenhills Plantation;;;;"[CELL:00000D74] (in Tamriel ""Skyrim"" [WRLD:0000003C])"
05000CFB;ccrmssse001-necrohouse.esl;;Gallows Hall;;;;"[CELL:00000D74] (in Tamriel ""Skyrim"" [WRLD:0000003C])"
05000AFF;cceejsse004-hall.esl;ccEEJSSE004_MapMarkerREF;Hendraheim;;;;"[CELL:00000D74] (in Tamriel ""Skyrim"" [WRLD:0000003C])"
05127259;cceejsse005-cave.esm;ccEEJSSE005_BloodChillMapMarkerREF;Bloodchill Cavern;;;;"[CELL:00000D74] (in Tamriel ""Skyrim"" [WRLD:0000003C])"
05070E0A;ccafdsse001-dwesanctuary.esm;;Frostroot Cave;;;;"[CELL:00000D74] (in Tamriel ""Skyrim"" [WRLD:0000003C])"
