Order;Tab;Section;Block;SubBlock;Name;EditorIDs;Key;NoCount;FormIDCandidates;OverrideMap;Category
1;Skyrim;Skyrim;Main Quests;;Unbound;MQ101;;;Skyrim.esm:03372B=MQ101;;flag
2;Skyrim;Skyrim;Main Quests;;Before The Storm;MQ102;;;Skyrim.esm:04E50D=MQ102;;flag
3;Skyrim;Skyrim;Main Quests;;Season Unending;MQ302;;;Skyrim.esm:045923=MQ302;;flag
4;Skyrim;Skyrim;Main Quests;;Paarthurnax;MQPaarthurnax;;;Skyrim.esm:03FA16=MQPaarthurnax;;flag
5;Skyrim;Skyrim;Main Quests;;Bleak Falls Barrow;MQ103;;;Skyrim.esm:0D0800=MQ103;;flag
6;Skyrim;Skyrim;Main Quests;;Dragon Rising;MQ104;;;Skyrim.esm:02610C=MQ104;;flag
7;Skyrim;Skyrim;Main Quests;;The Way of the Voice;MQ105;;;Skyrim.esm:0242BA=MQ105;;flag
8;Skyrim;Skyrim;Main Quests;;The Horn of Jurgen Windcaller;MQ105Ustengrav;;;Skyrim.esm:0713DC=MQ105Ustengrav;;flag
9;Skyrim;Skyrim;Main Quests;;A Blade in the Dark;MQ106;;;Skyrim.esm:032926=MQ106;;flag
10;Skyrim;Skyrim;Main Quests;;Diplomatic Immunity;MQ201;;;Skyrim.esm:035D5F=MQ201;;flag
11;Skyrim;Skyrim;Main Quests;;A Cornered Rat;MQ202;;;Skyrim.esm:036191=MQ202;;flag
12;Skyrim;Skyrim;Main Quests;;Alduin's Wall;MQ203;;;Skyrim.esm:036192=MQ203;;flag
13;Skyrim;Skyrim;Main Quests;;The Throat of the World;MQ204;;;Skyrim.esm:02D515=MQ204;;flag
14;Skyrim;Skyrim;Main Quests;;Elder Knowledge;MQ205;;;Skyrim.esm:02D516=MQ205;;flag
15;Skyrim;Skyrim;Main Quests;;Alduin's Bane;MQ206;;;Skyrim.esm:036193=MQ206;;flag
16;Skyrim;Skyrim;Main Quests;;The Fallen;MQ301;;;Skyrim.esm:044C56=MQ301;;flag
17;Skyrim;Skyrim;Main Quests;;The World-Eater's Eyrie;MQ303;;;Skyrim.esm:046EF0=MQ303;;flag
18;Skyrim;Skyrim;Main Quests;;Sovngarde;MQ304;;;Skyrim.esm:046EF1=MQ304;;flag
19;Skyrim;Skyrim;Main Quests;;Dragonslayer;MQ305;;;Skyrim.esm:046EF2=MQ305;;flag
20;Skyrim;Skyrim;Daedric Quests;;The Black Star;DA01;;;Skyrim.esm:028AD6=DA01;;flag
21;Skyrim;Skyrim;Daedric Quests;;Boethiah's Calling;DA02;;;Skyrim.esm:04D8D6=DA02;;flag
22;Skyrim;Skyrim;Daedric Quests;;A Daedra's Best Friend;DA03;;;Skyrim.esm:01BFC4=DA03;;flag
23;Skyrim;Skyrim;Daedric Quests;;Discerning the Transmundane;DA04;;;Skyrim.esm:02D512=DA04;;flag
24;Skyrim;Skyrim;Daedric Quests;;Ill Met By Moonlight;DA05;;;Skyrim.esm:02A49A=DA05;;flag
25;Skyrim;Skyrim;Daedric Quests;;The Cursed Tribe;DA06;;;Skyrim.esm:03B681=DA06;;flag
26;Skyrim;Skyrim;Daedric Quests;;Pieces of the Past;DA07;;;Skyrim.esm:0240B8=DA07;;flag
27;Skyrim;Skyrim;Daedric Quests;;The Whispering Door;DA08;;;Skyrim.esm:04A37B=DA08;;flag
28;Skyrim;Skyrim;Daedric Quests;;The Break of Dawn;DA09;;;Skyrim.esm:04E4E1=DA09;;flag
29;Skyrim;Skyrim;Daedric Quests;;The House of Horrors;DA10;;;Skyrim.esm:022F08=DA10;;flag
30;Skyrim;Skyrim;Daedric Quests;;The Taste of Death;DA11;;;Skyrim.esm:02C358=DA11;;flag
31;Skyrim;Skyrim;Daedric Quests;;The Only Cure;DA13;;;Skyrim.esm:08998D=DA13;;flag
32;Skyrim;Skyrim;Daedric Quests;;A Night To Remember;DA14;;;Skyrim.esm:01BB9B=DA14;;flag
33;Skyrim;Skyrim;Daedric Quests;;The Mind of Madness;DA15;;;Skyrim.esm:02AC68=DA15;;flag
34;Skyrim;Skyrim;Daedric Quests;;Waking Nightmare;DA16;;;Skyrim.esm:0242AF=DA16;;flag
35;Skyrim;Skyrim;Divine Quests;;Kyne's Sacred Trials;dunHunterQST;;;Skyrim.esm:018601=dunHunterQST;;flag
36;Skyrim;Skyrim;Divine Quests;;The Blessings of Nature;T03;;;Skyrim.esm:01C48E=T03;;flag
37;Skyrim;Skyrim;Divine Quests;;The Book of Love;t02;;;Skyrim.esm:0211D5=t02;;flag
38;Skyrim;Skyrim;Divine Quests;;The Heart of Dibella;T01;;;Skyrim.esm:023B6C=T01;;flag
39;Skyrim;Skyrim;Dungeon Quests;;Medresi Dran and the Wandering Dead;dunAngarvundeQST;;;Skyrim.esm:07EDE5=dunAngarvundeQST;dunAngarvundeQST:255;override
40;Skyrim;Skyrim;Dungeon Quests;;A Love Beyond Death;dunAnsilvundQST;;;Skyrim.esm:03D721=dunAnsilvundQST;;flag
41;Skyrim;Skyrim;Dungeon Quests;;The Affairs of Hagravens;dunBlindCliffQST;;;Skyrim.esm:039B3B=dunBlindCliffQST;;flag
42;Skyrim;Skyrim;Dungeon Quests;;Repentance;dunDarklightQST;;;Skyrim.esm:03FA89=dunDarklightQST;;flag
43;Skyrim;Skyrim;Dungeon Quests;;Siege on the Dragon Cult;dunForelhostQST;;;Skyrim.esm:035354=dunForelhostQST;;flag
44;Skyrim;Skyrim;Dungeon Quests;;Frostflow Abyss;dunFrostflowAbyssQST;;;Skyrim.esm:048121=dunFrostflowAbyssQST;;flag
45;Skyrim;Skyrim;Dungeon Quests;;The Pale Lady;dunFrostmereCryptQST;;;Skyrim.esm:0CF915=dunFrostmereCryptQST;dunFrostmereCryptQST:90;override
46;Skyrim;Skyrim;Dungeon Quests;;Forbidden Legend;dunGauldursonQST;;;Skyrim.esm:0E4D31=dunGauldursonQST;dunGauldursonQST:255;override
47;Skyrim;Skyrim;Dungeon Quests;;A Scroll For Anska;dunHighGateRuinsQST;;;Skyrim.esm:0443F4=dunHighGateRuinsQST;;flag
48;Skyrim;Skyrim;Dungeon Quests;;Ancestral Worship;dunHillgrundsTombQST;;;Skyrim.esm:03E897=dunHillgrundsTombQST;;flag
49;Skyrim;Skyrim;Dungeon Quests;;Coming of Age;dunIronbindQST;;;Skyrim.esm:06CD54=dunIronbindQST;;flag
50;Skyrim;Skyrim;Dungeon Quests;;Forgetting about Fjola;dunMistwatchQST;;;Skyrim.esm:030B36=dunMistwatchQST;;flag
51;Skyrim;Skyrim;Dungeon Quests;;Hunter and Hunted;dunMossMotherQST;;;Skyrim.esm:0376EE=dunMossMotherQST;dunMossMotherQST:15;override
52;Skyrim;Skyrim;Dungeon Quests;;The Lost Expedition;dunNchuandZelQst;;;Skyrim.esm:0C3709=dunNchuandZelQst;;flag
53;Skyrim;Skyrim;Dungeon Quests;;Telrav's Request;dunNilheimQST;;;Skyrim.esm:01BAEC=dunNilheimQST;;flag
54;Skyrim;Skyrim;Dungeon Quests;;Ragnvald;dunRagnvaldQST;;;Skyrim.esm:03763C=dunRagnvaldQST;dunRagnvaldQST:40;override
55;Skyrim;Skyrim;Dungeon Quests;;The Legend of Red Eagle;dunRebelsCairnQST;;;Skyrim.esm:0C1ACC=dunRebelsCairnQST;dunRebelsCairnQST:30;override
56;Skyrim;Skyrim;Dungeon Quests;;Trius' Trinket;dunShipwreck04QST;;;Skyrim.esm:043BAB=dunShipwreck04QST;;flag
57;Skyrim;Skyrim;Dungeon Quests;;Ysolda's Shipment;dunSleepingTreeCampQST;;;Skyrim.esm:0E1A9D=dunSleepingTreeCampQST;dunSleepingTreeCampQST:4;override
58;Skyrim;Skyrim;Dungeon Quests;;The Savior of Selveni Nethri;dunSouthfringeQST;;;Skyrim.esm:03A74A=dunSouthfringeQST;;flag
59;Skyrim;Skyrim;Dungeon Quests;;Infiltration;dunTrevasWatchQST;;;Skyrim.esm:04B2A1=dunTrevasWatchQST;;flag
60;Skyrim;Skyrim;Dungeon Quests;;Evil in Waiting;dunValthumeQST;;;Skyrim.esm:03ED82=dunValthumeQST;;flag
61;Skyrim;Skyrim;Dungeon Quests;;Silenced Tongues;dunVolunruudQST;;;Skyrim.esm:08ADFA=dunVolunruudQST;;flag
62;Skyrim;Skyrim;Dungeon Quests;;Ashore in a Sea of Ghosts;dunYngolBarrowQST;;;Skyrim.esm:0434A3=dunYngolBarrowQST;dunYngolBarrowQST:100;override
63;Skyrim;Skyrim;Dungeon Quests;;Lifting the Shroud;FreeformIvarstead01;;;Skyrim.esm:0D9B63=FreeformIvarstead01;;flag
64;Skyrim;Skyrim;Dungeon Quests;;Soljund's Sinkhole;FreeformSoljundsSinkholeA;;;Skyrim.esm:06136B=FreeformSoljundsSinkholeA;FreeformSoljundsSinkholeA:100;override
65;Skyrim;Skyrim;Dungeon Quests;;Rannveig's Fast;dunRannveigQST;;;Skyrim.esm:05160C=dunRannveigQST;dunRannveigQST:30;override
66;Skyrim;Skyrim;Dungeon Quests;;Folgunthur;dunFolgunthurQST;;;Skyrim.esm:04CEDE=dunFolgunthurQST;dunFolgunthurQST:10;override
67;Skyrim;Skyrim;Dungeon Quests;;Robber's Gorge;dunRobbersGorgeQST;;;Skyrim.esm:0B8C9F=dunRobbersGorgeQST;dunRobbersGorgeQST:50;override
68;Skyrim;Skyrim;Dungeon Quests;;Forgotten Names;dunMidden01QST;;;Skyrim.esm:055977=dunMidden01QST;dunMidden01QST:100;override
69;Skyrim;Skyrim;Dungeon Quests;;Lair's Retreat;dunLiarsRetreatQST;;;Skyrim.esm:0AA5D6=dunLiarsRetreatQST;dunLiarsRetreatQST:20;override
70;Skyrim;Skyrim;Other Global Quests;;The Forgemaster's Fingers;FavorOrcsIntro;;;Skyrim.esm:076335=FavorOrcsIntro;FavorOrcsIntro:100;override
71;Skyrim;Skyrim;Other Global Quests;;A Return To Your Roots;NN01;;;Skyrim.esm:0C9BA0=NN01;;flag
72;Skyrim;Skyrim;Other Global Quests;;Amulet of the Moon;FreeformCaravansA;;;Skyrim.esm:0D9393=FreeformCaravansA;;flag
73;Skyrim;Civil War;Imperial Legion;;Joining the Legion;CW01A;;;Skyrim.esm:0D517A=CW01A;;flag
74;Skyrim;Civil War;Imperial Legion;;The Jagged Crown;CW02A;;;Skyrim.esm:02D75C=CW02A;;flag
75;Skyrim;Civil War;Imperial Legion;;Message to Whiterun;CW03;CW03_imperial;;Skyrim.esm:0D661C=CW03;;flag
76;Skyrim;Civil War;Imperial Legion;;Reunification of Skyrim;CWObj;CWObj_imperial;;Skyrim.esm:029940=CWObj;;flag
77;Skyrim;Civil War;Imperial Legion;;A False Front;CWMission03;CWMission03_imperial;;Skyrim.esm:03BCC4=CWMission03;;flag
78;Skyrim;Civil War;Imperial Legion;;Rescue from Fort;CWMission04;CWMission04_imperial;;Skyrim.esm:035A23=CWMission04;;flag
79;Skyrim;Civil War;Imperial Legion;;Compelling Tribute;CWMission07;CWMission07_imperial;;Skyrim.esm:0504F0=CWMission07;;flag
80;Skyrim;Civil War;Imperial Legion;;The Battle for Forts;CWFortSiegeFort;CWFortSiegeFort_imperial;;Skyrim.esm:083042=CWFortSiegeFort;;flag
81;Skyrim;Civil War;Imperial Legion;;Battle for Windhelm;CWSiegeObj;CWSiegeObj_imperial;;Skyrim.esm:096E71=CWSiegeObj;;flag
82;Skyrim;Civil War;Stormcloaks;;Joining the Stormcloaks;CW01B;;;Skyrim.esm:0E2D29=CW01B;;flag
83;Skyrim;Civil War;Stormcloaks;;The Jagged Crown;CW02B;;;Skyrim.esm:02610B=CW02B;;flag
84;Skyrim;Civil War;Stormcloaks;;Message to Whiterun;CW03;CW03_stormcloak;;Skyrim.esm:0D661C=CW03;;flag
85;Skyrim;Civil War;Stormcloaks;;Liberation of Skyrim;CWObj;CWObj_stormcloak;;Skyrim.esm:029940=CWObj;;flag
86;Skyrim;Civil War;Stormcloaks;;A False Front;CWMission03;CWMission03_stormcloak;;Skyrim.esm:03BCC4=CWMission03;;flag
87;Skyrim;Civil War;Stormcloaks;;Rescue from Fort;CWMission04;CWMission04_stormcloak;;Skyrim.esm:035A23=CWMission04;;flag
88;Skyrim;Civil War;Stormcloaks;;Compelling Tribute;CWMission07;CWMission07_stormcloak;;Skyrim.esm:0504F0=CWMission07;;flag
89;Skyrim;Civil War;Stormcloaks;;The Battle for Forts;CWFortSiegeFort;CWFortSiegeFort_stormcloak;;Skyrim.esm:083042=CWFortSiegeFort;;flag
90;Skyrim;Civil War;Stormcloaks;;Battle for Solitude;CWSiegeObj;CWSiegeObj_stormcloak;;Skyrim.esm:096E71=CWSiegeObj;;flag
91;Skyrim;Factions;College of Winterhold;Main Quests;First Lessons;MG01;;;Skyrim.esm:01F251=MG01;;flag
92;Skyrim;Factions;College of Winterhold;Main Quests;Under Saarthal;MG02;;;Skyrim.esm:01F252=MG02;;flag
93;Skyrim;Factions;College of Winterhold;Main Quests;Hitting the Books;MG03;;;Skyrim.esm:01F253=MG03;;flag
94;Skyrim;Factions;College of Winterhold;Main Quests;Good Intentions;MG04;;;Skyrim.esm:01F254=MG04;;flag
95;Skyrim;Factions;College of Winterhold;Main Quests;Containment;MG05;;;Skyrim.esm:01F255=MG05;;flag
96;Skyrim;Factions;College of Winterhold;Main Quests;Revealing the Unseen;mg06;;;Skyrim.esm:01F256=mg06;;flag
97;Skyrim;Factions;College of Winterhold;Main Quests;The Staff of Magnus;MG07;;;Skyrim.esm:01F257=MG07;;flag
98;Skyrim;Factions;College of Winterhold;Main Quests;The Eye of Magnus;MG08;;;Skyrim.esm:01F258=MG08;;flag
99;Skyrim;Factions;College of Winterhold;Other Quests;Arniel's Endeavor;MGRArniel01;;;Skyrim.esm:06A086=MGRArniel01;;flag
100;Skyrim;Factions;College of Winterhold;Other Quests;Arniel's Endeavor;MGRArniel02;;;Skyrim.esm:06A08D=MGRArniel02;;flag
101;Skyrim;Factions;College of Winterhold;Other Quests;Arniel's Endeavor;MGRArniel03;;;Skyrim.esm:06A097=MGRArniel03;;flag
102;Skyrim;Factions;College of Winterhold;Other Quests;Arniel's Endeavor;MGRArniel04;;;Skyrim.esm:06A119=MGRArniel04;;flag
103;Skyrim;Factions;College of Winterhold;Other Quests;Brelyna's Practice;MGRAppBrelyna01;;;Skyrim.esm:0C0416=MGRAppBrelyna01;;flag
104;Skyrim;Factions;College of Winterhold;Other Quests;J'zargo's Experiment;MGRAppJzargo01;;;Skyrim.esm:0958B3=MGRAppJzargo01;;flag
105;Skyrim;Factions;College of Winterhold;Other Quests;Onmund's Request;MGRAppOnmund01;;;Skyrim.esm:06BC33=MGRAppOnmund01;;flag
106;Skyrim;Factions;College of Winterhold;Other Quests;Out of Balance;MGR02;;;Skyrim.esm:0266F2=MGR02;;flag
107;Skyrim;Factions;College of Winterhold;Other Quests;Rejoining the College;MGRejoinQuest;;;Skyrim.esm:0C9A0E=MGRejoinQuest;;flag
108;Skyrim;Factions;College of Winterhold;Miscellaneous Quests;Tolfdir The Absent-Minded;MGR01;;;;;handle
109;Skyrim;Factions;College of Winterhold;Miscellaneous Quests;Enchanting Pick-Up;MGR10;;;;;handle
110;Skyrim;Factions;College of Winterhold;Miscellaneous Quests;Restocking Soul Gems;MGR11;;;;;handle
111;Skyrim;Factions;College of Winterhold;Miscellaneous Quests;Fetch me that Book!;MGR20|MGR20B;;;;;handle
112;Skyrim;Factions;College of Winterhold;Miscellaneous Quests;Shalidor's Insights;MGR21;;;;;handle
113;Skyrim;Factions;College of Winterhold;Miscellaneous Quests;Aftershock;MGR30;;;Skyrim.esm:0C1E72=MGR30;;flag
114;Skyrim;Factions;College of Winterhold;Master Skill Quests;Destruction Ritual Spell;MGRitual01;;;Skyrim.esm:0A4E82=MGRitual01;;flag
115;Skyrim;Factions;College of Winterhold;Master Skill Quests;Illusion Ritual Spell;MGRitual02;;;Skyrim.esm:0B3233=MGRitual02;;flag
116;Skyrim;Factions;College of Winterhold;Master Skill Quests;Conjuration Ritual Spell;MGRitual03;;;Skyrim.esm:099F27=MGRitual03;;flag
117;Skyrim;Factions;College of Winterhold;Master Skill Quests;Restoration Ritual Spell;MGRitual04;;;Skyrim.esm:0CD987=MGRitual04;;flag
118;Skyrim;Factions;College of Winterhold;Master Skill Quests;Alteration Ritual Spell;MGRitual05;;;Skyrim.esm:0D0755=MGRitual05;;flag
119;Skyrim;Factions;Dark Brotherhood;Main Quests;Delayed Burial;DB01Misc;;;Skyrim.esm:01EA4F=DB01Misc;;flag
120;Skyrim;Factions;Dark Brotherhood;Main Quests;Innocence Lost;DB01;;;Skyrim.esm:01EA50=DB01;;flag
121;Skyrim;Factions;Dark Brotherhood;Main Quests;With Friends Like These...;DB02;;;Skyrim.esm:01EA51=DB02;;flag
122;Skyrim;Factions;Dark Brotherhood;Main Quests;Sanctuary;DB02a;;;Skyrim.esm:022F47=DB02a;;flag
123;Skyrim;Factions;Dark Brotherhood;Main Quests;Mourning Never Comes;DB03;;;Skyrim.esm:01EA52=DB03;;flag
124;Skyrim;Factions;Dark Brotherhood;Main Quests;Whispers in the Dark;DB04;;;Skyrim.esm:01EA53=DB04;;flag
125;Skyrim;Factions;Dark Brotherhood;Main Quests;The Silence Has Been Broken;DB04a;;;Skyrim.esm:02AD16=DB04a;;flag
126;Skyrim;Factions;Dark Brotherhood;Main Quests;Bound Until Death;DB05;;;Skyrim.esm:01EA54=DB05;;flag
127;Skyrim;Factions;Dark Brotherhood;Main Quests;Breaching Security;DB06;;;Skyrim.esm:01EA55=DB06;;flag
128;Skyrim;Factions;Dark Brotherhood;Main Quests;The Cure for Madness;DB07;;;Skyrim.esm:01EA56=DB07;;flag
129;Skyrim;Factions;Dark Brotherhood;Main Quests;Recipe for Disaster;DB08;;;Skyrim.esm:01EA57=DB08;;flag
130;Skyrim;Factions;Dark Brotherhood;Main Quests;To Kill an Empire;DB09;;;Skyrim.esm:01EA58=DB09;;flag
131;Skyrim;Factions;Dark Brotherhood;Main Quests;Death Incarnate;DB10;;;Skyrim.esm:03CEDA=DB10;;flag
132;Skyrim;Factions;Dark Brotherhood;Main Quests;Hail Sithis!;DB11;;;Skyrim.esm:01EA59=DB11;;flag
133;Skyrim;Factions;Dark Brotherhood;Other Quests;Where You Hang Your Enemy's Head…;DarkBrotherhoodSanctuaryRepair;;;Skyrim.esm:087BA2=DarkBrotherhoodSanctuaryRepair;;flag
134;Skyrim;Factions;Dark Brotherhood;Other Quests;Destroy the Dark Brotherhood!;DBDestroy;;;Skyrim.esm:0934FB=DBDestroy;;flag
135;Skyrim;Factions;Dark Brotherhood;Miscellaneous Quests;Honor Thy Family;DBEviction;;;Skyrim.esm:06F9A5=DBEviction;;flag
136;Skyrim;Factions;Dark Brotherhood;Miscellaneous Quests;The Dark Brotherhood Forever;DBrecurring;;;;;handle
137;Skyrim;Factions;Dark Brotherhood;Miscellaneous Quests;Take the Hidden Treasure;DBTortureTreasureMiscObjective1;;;Skyrim.esm:037A2D=DBTortureTreasureMiscObjective1;;flag
138;Skyrim;Factions;Dark Brotherhood;Miscellaneous Quests;Take the Hidden Treasure;DBTortureTreasureMiscObjective2;;;Skyrim.esm:037A51=DBTortureTreasureMiscObjective2;;flag
139;Skyrim;Factions;Dark Brotherhood;Miscellaneous Quests;Take the Hidden Treasure;DBTortureTreasureMiscObjective3;;;Skyrim.esm:037A53=DBTortureTreasureMiscObjective3;;flag
140;Skyrim;Factions;Dark Brotherhood;Miscellaneous Quests;Take the Hidden Treasure;DBTortureTreasureMiscObjective4;;;Skyrim.esm:037AE3=DBTortureTreasureMiscObjective4;;flag
141;Skyrim;Factions;Dark Brotherhood;Miscellaneous Quests;Locate the Assassin of Old;DBOlavaReadingTreasureObjective;;;Skyrim.esm:02E656=DBOlavaReadingTreasureObjective;;flag
142;Skyrim;Factions;Dark Brotherhood;Contract Quests;Contract: Kill;DBSideContract01;;;Skyrim.esm:01EA5B=DBSideContract01;;flag
143;Skyrim;Factions;Dark Brotherhood;Contract Quests;Contract: Kill;DBSideContract02;;;Skyrim.esm:01EA5E=DBSideContract02;;flag
144;Skyrim;Factions;Dark Brotherhood;Contract Quests;Contract: Kill;DBSideContract03;;;Skyrim.esm:01EA5F=DBSideContract03;;flag
145;Skyrim;Factions;Dark Brotherhood;Contract Quests;Contract: Kill;DBSideContract04;;;Skyrim.esm:01EA60=DBSideContract04;;flag
146;Skyrim;Factions;Dark Brotherhood;Contract Quests;Contract: Kill;DBSideContract05;;;Skyrim.esm:01EA61=DBSideContract05;;flag
147;Skyrim;Factions;Dark Brotherhood;Contract Quests;Contract: Kill;DBSideContract06;;;Skyrim.esm:01EA62=DBSideContract06;;flag
148;Skyrim;Factions;Dark Brotherhood;Contract Quests;Contract: Kill;DBSideContract07;;;Skyrim.esm:01EA63=DBSideContract07;;flag
149;Skyrim;Factions;Dark Brotherhood;Contract Quests;Contract: Kill;DBSideContract08;;;Skyrim.esm:01EA64=DBSideContract08;;flag
150;Skyrim;Factions;Dark Brotherhood;Contract Quests;Contract: Kill;DBSideContract09;;;Skyrim.esm:01EA65=DBSideContract09;;flag
151;Skyrim;Factions;Dark Brotherhood;Contract Quests;Contract: Kill;DBSideContract10;;;Skyrim.esm:01EA66=DBSideContract10;;flag
152;Skyrim;Factions;Dark Brotherhood;Contract Quests;Contract: Kill;DBSideContract11;;;Skyrim.esm:01EA67=DBSideContract11;;flag
153;Skyrim;Factions;Dark Brotherhood;Contract Quests;Contract: Kill;DBSideContract12;;;Skyrim.esm:01EA68=DBSideContract12;;flag
154;Skyrim;Factions;Blades;;Rebuilding the Blades;FreeformSkyhavenTempleA;;;Skyrim.esm:0E38C9=FreeformSkyhavenTempleA;FreeformSkyhavenTempleA:50;override
155;Skyrim;Factions;Blades;;Dragon Hunting;FreeformSkyHavenTempleB;;;Skyrim.esm:0E3E67=FreeformSkyHavenTempleB;FreeformSkyHavenTempleB:25;override
156;Skyrim;Factions;Blades;;Dragon Research;FreeformSkyHavenTempleD;;;Skyrim.esm:0E6DF1=FreeformSkyHavenTempleD;FreeformSkyHavenTempleD:100;override
157;Skyrim;Factions;Thieves Guild;Main Quests;A Chance Arrangement;TG00;;;Skyrim.esm:021556=TG00;;flag
158;Skyrim;Factions;Thieves Guild;Main Quests;Taking Care of Business;TG01;;;Skyrim.esm:01F326=TG01;;flag
159;Skyrim;Factions;Thieves Guild;Main Quests;Loud and Clear;TG02;;;Skyrim.esm:02154E=TG02;;flag
160;Skyrim;Factions;Thieves Guild;Main Quests;Dampened Spirits;TG03;;;Skyrim.esm:02154F=TG03;;flag
161;Skyrim;Factions;Thieves Guild;Main Quests;Scoundrel's Folly;TG04;;;Skyrim.esm:021550=TG04;;flag
162;Skyrim;Factions;Thieves Guild;Main Quests;Speaking With Silence;TG05;;;Skyrim.esm:021551=TG05;;flag
163;Skyrim;Factions;Thieves Guild;Main Quests;Hard Answers;TG06;;;Skyrim.esm:021552=TG06;;flag
164;Skyrim;Factions;Thieves Guild;Main Quests;The Pursuit;TG07;;;Skyrim.esm:021553=TG07;;flag
165;Skyrim;Factions;Thieves Guild;Main Quests;Trinity Restored;TG08A;;;Skyrim.esm:057F99=TG08A;;flag
166;Skyrim;Factions;Thieves Guild;Main Quests;Blindsighted;TG08B;;;Skyrim.esm:021554=TG08B;;flag
167;Skyrim;Factions;Thieves Guild;Main Quests;Darkness Returns;TG09;;;Skyrim.esm:021555=TG09;;flag
168;Skyrim;Factions;Thieves Guild;Main Quests;Under New Management;TGLeadership;;;Skyrim.esm:0D7D69=TGLeadership;;flag
169;Skyrim;Factions;Thieves Guild;Other Quests;Meet the Family;TG02B;;;Skyrim.esm:084ABD=TG02B;;flag
170;Skyrim;Factions;Thieves Guild;Other Quests;No Stone Unturned;TGCrown;;;Skyrim.esm:09DD77=TGCrown;;flag
171;Skyrim;Factions;Thieves Guild;Other Quests;Reparations;TGBan;;;Skyrim.esm:0B03A2=TGBan;;flag
172;Skyrim;Factions;Thieves Guild;Other Quests;Toying With The Dead;FreeformRiften21;;;Skyrim.esm:09F179=FreeformRiften21;;flag
173;Skyrim;Factions;Thieves Guild;Other Quests;Thieves Guild Caravan Fence Quest;TGFenceCaravan;;;Skyrim.esm:0D8E40=TGFenceCaravan;TGFenceCaravan:200;override
174;Skyrim;Factions;Thieves Guild;Other Quests;The Litany of Larceny;TGLarceny;;;Skyrim.esm:04C6C2=TGLarceny;TGLarceny:85;override
175;Skyrim;Factions;Thieves Guild;Reputation Quests;Silver Lining;TGTQ01;;;Skyrim.esm:0799DF=TGTQ01;;flag
176;Skyrim;Factions;Thieves Guild;Reputation Quests;The Dainty Sload;TGTQ02;;;Skyrim.esm:0799E0=TGTQ02;;flag
177;Skyrim;Factions;Thieves Guild;Reputation Quests;Imitation Amnesty;TGTQ03;;;Skyrim.esm:0799E1=TGTQ03;;flag
178;Skyrim;Factions;Thieves Guild;Reputation Quests;Summerset Shadows;TGTQ04;;;Skyrim.esm:0799E2=TGTQ04;;flag
179;Skyrim;Factions;Thieves Guild;Miscellaneous Quests;The Bedlam Job;TGRNT;;;;;handle
180;Skyrim;Factions;Thieves Guild;Miscellaneous Quests;The Burglary Job;TGRBE;;;;;handle
181;Skyrim;Factions;Thieves Guild;Miscellaneous Quests;The Fishing Job;TGRGF;;;;;handle
182;Skyrim;Factions;Thieves Guild;Miscellaneous Quests;The Heist Job;TGRSL;;;;;handle
183;Skyrim;Factions;Thieves Guild;Miscellaneous Quests;The Numbers Job;TGRFO;;;;;handle
184;Skyrim;Factions;Thieves Guild;Miscellaneous Quests;The Shill Job;TGRDU;;;;;handle
185;Skyrim;Factions;Thieves Guild;Miscellaneous Quests;The Sweep Job;TGRHC;;;;;handle
186;Skyrim;Factions;Bards College;Other Quests;Tending the Flames;MS05;;;Skyrim.esm:053511=MS05;;flag
187;Skyrim;Factions;Bards College;Miscellaneous Quests;Finn's Lute;BardsCollegeLute;;;Skyrim.esm:0D93FA=BardsCollegeLute;;flag
188;Skyrim;Factions;Bards College;Miscellaneous Quests;Pantea's Flute;BardsCollegeFlute;;;Skyrim.esm:0D9431=BardsCollegeFlute;;flag
189;Skyrim;Factions;Bards College;Miscellaneous Quests;Rjorn's Drum;BardsCollegeDrum;;;Skyrim.esm:0D944F=BardsCollegeDrum;;flag
190;Skyrim;Factions;Companions;Main Quests;Take Up Arms;C00;;;Skyrim.esm:04B2D9=C00;;flag
191;Skyrim;Factions;Companions;Main Quests;Proving Honor;C01;;;Skyrim.esm:06E803=C01;;flag
192;Skyrim;Factions;Companions;Main Quests;The Silver Hand;C03;;;Skyrim.esm:01CEF4=C03;;flag
193;Skyrim;Factions;Companions;Main Quests;Blood's Honor;C04;;;Skyrim.esm:01CEF5=C04;;flag
194;Skyrim;Factions;Companions;Main Quests;Purity of Revenge;C05;;;Skyrim.esm:06E805=C05;;flag
195;Skyrim;Factions;Companions;Main Quests;Glory of the Dead;C06;;;Skyrim.esm:01CEF6=C06;;flag
196;Skyrim;Factions;Companions;Miscellaneous Quests;Striking the Heart;CR09;;;;;handle
197;Skyrim;Factions;Companions;Miscellaneous Quests;Stealing Plans;CR10;;;;;handle
198;Skyrim;Factions;Companions;Miscellaneous Quests;Animal Extermination;CR01;;;;;handle
199;Skyrim;Factions;Companions;Miscellaneous Quests;Animal Extermination;CR02;;;;;handle
200;Skyrim;Factions;Companions;Miscellaneous Quests;Retrieval;CR11;;;;;handle
201;Skyrim;Factions;Companions;Miscellaneous Quests;Totems of Hircine;CR12;;;;;handle
202;Skyrim;Factions;Companions;Miscellaneous Quests;Hired Muscle;CR04;;;;;handle
203;Skyrim;Factions;Companions;Miscellaneous Quests;Trouble in Skyrim;CR05;;;;;handle
204;Skyrim;Factions;Companions;Miscellaneous Quests;Family Heirloom;CR06;;;;;handle
205;Skyrim;Factions;Companions;Miscellaneous Quests;Escaped Criminal;CR07;;;;;handle
206;Skyrim;Factions;Companions;Miscellaneous Quests;Rescue Mission;CR08;;;;;handle
207;Skyrim;Factions;Companions;Miscellaneous Quests;Purity;CR13;;;;;handle
208;Skyrim;Factions;Companions;Miscellaneous Quests;Dragon Seekers;CR14;;;;;handle
209;Skyrim;Regions;Eastmarch;Other Quests;Blood on the Ice;MS11;;;Skyrim.esm:01F7A3=MS11;;flag
210;Skyrim;Regions;Eastmarch;Other Quests;The White Phial;MS12;;;Skyrim.esm:02C258=MS12;;flag
211;Skyrim;Regions;Eastmarch;Other Quests;Repairing the Phial;MS12b;;;Skyrim.esm:02499C=MS12b;;flag
212;Skyrim;Regions;Eastmarch;Other Quests;Rise in the East;MS10;;;Skyrim.esm:01DBFC=MS10;;flag
213;Skyrim;Regions;Eastmarch;Miscellaneous Quests;Find the Thalmor Assassin;MQ201Malborn;;;Skyrim.esm:04CECE=MQ201Malborn;;flag
214;Skyrim;Regions;Eastmarch;Miscellaneous Quests;That Was Always There;Favor019;;;Skyrim.esm:03F4EC=Favor019;;flag
215;Skyrim;Regions;Eastmarch;Miscellaneous Quests;Extracting an Argonian;DarkwaterCrossingDerkeethusRescueQuest;;;Skyrim.esm:076B4A=DarkwaterCrossingDerkeethusRescueQuest;;flag
216;Skyrim;Regions;Eastmarch;Miscellaneous Quests;Dravynea's Frost Salts;FreeformKynesgroveA;;;Skyrim.esm:069043=FreeformKynesgroveA;FreeformKynesgroveA:200;override
217;Skyrim;Regions;Eastmarch;Miscellaneous Quests;Harsh Master;FreeformShipsWindhelm;;;Skyrim.esm:094158=FreeformShipsWindhelm;;flag
218;Skyrim;Regions;Eastmarch;Miscellaneous Quests;Thane of Eastmarch;Favor254;;;;;handle
219;Skyrim;Regions;Hjaalmarch;Other Quests;Laid to Rest;MS14;;;Skyrim.esm:025F3E=MS14;;flag
220;Skyrim;Regions;Hjaalmarch;Other Quests;Rising at Dawn;VC01;;;Skyrim.esm:05C625=VC01;;flag
221;Skyrim;Regions;Hjaalmarch;Miscellaneous Quests;Falion's Secret;FreeformMorthalA;;;Skyrim.esm:021891=FreeformMorthalA;;flag
222;Skyrim;Regions;Hjaalmarch;Miscellaneous Quests;For the Good of Morthal;FreeformMorthalB;;;Skyrim.esm:021896=FreeformMorthalB;;flag
223;Skyrim;Regions;Hjaalmarch;Miscellaneous Quests;Payment Delivery;FreeformStonehillsA;;;Skyrim.esm:064958=FreeformStonehillsA;;flag
224;Skyrim;Regions;Hjaalmarch;Miscellaneous Quests;Thane of Hjaalmarch;Favor255;;;;;handle
225;Skyrim;Regions;Haafingar;Other Quests;The Wolf Queen Awakened;MS06;;;Skyrim.esm:026C4D=MS06;;flag
226;Skyrim;Regions;Haafingar;Other Quests;Lights Out!;MS07;;;Skyrim.esm:023A64=MS07;;flag
227;Skyrim;Regions;Haafingar;Other Quests;The Man Who Cried Wolf;MS06Start;;;Skyrim.esm:093807=MS06Start;;flag
228;Skyrim;Regions;Haafingar;Miscellaneous Quests;Elisif's Tribute;SolitudeFreeform07;;;Skyrim.esm:0E77BA=SolitudeFreeform07;SolitudeFreeform07:200;override
229;Skyrim;Regions;Haafingar;Miscellaneous Quests;Fit for a Jarl;SolitudeFreeform02;;;Skyrim.esm:0C7D1C=SolitudeFreeform02;SolitudeFreeform02:200;override
230;Skyrim;Regions;Haafingar;Miscellaneous Quests;Kill the Vampire;Favor109;;;Skyrim.esm:0940E0=Favor109;;flag
231;Skyrim;Regions;Haafingar;Miscellaneous Quests;No News is Good News;SolitudeFreeform01;;;Skyrim.esm:0E8BD7=SolitudeFreeform01;;flag
232;Skyrim;Regions;Haafingar;Miscellaneous Quests;Return to Grace;SolitudeFreeform03;;;Skyrim.esm:0C7D42=SolitudeFreeform03;;flag
233;Skyrim;Regions;Haafingar;Miscellaneous Quests;The Spiced Wine;SolitudeFreeform06;;;Skyrim.esm:0D69FB=SolitudeFreeform06;SolitudeFreeform06:200;override
234;Skyrim;Regions;Haafingar;Miscellaneous Quests;Dragon's Breath Mead;FreeformDragonBridge01;;;Skyrim.esm:0555DD=FreeformDragonBridge01;FreeformDragonBridge01:15;override
235;Skyrim;Regions;Haafingar;Miscellaneous Quests;Thane of Haafingar;Favor252;;;;;handle
236;Skyrim;Regions;The Reach;Other Quests;No One Escapes Cidhna Mine;MS02;;;Skyrim.esm:040A5E=MS02;;flag
237;Skyrim;Regions;The Reach;Other Quests;The Forsworn Conspiracy;MS01;;;Skyrim.esm:018B4B=MS01;;flag
238;Skyrim;Regions;The Reach;Miscellaneous Quests;Bothela's Discreet Delivery;FreeformMarkarthJ;;;Skyrim.esm:0790E1=FreeformMarkarthJ;FreeformMarkarthJ:20;override
239;Skyrim;Regions;The Reach;Miscellaneous Quests;Coated in Blood;FreeformMarkarthN;;;Skyrim.esm:0647B3=FreeformMarkarthN;FreeformMarkarthN:20;override
240;Skyrim;Regions;The Reach;Miscellaneous Quests;Delivery to Calcelmo;FreeformMarkarthD;;;Skyrim.esm:075399=FreeformMarkarthD;FreeformMarkarthD:200;override
241;Skyrim;Regions;The Reach;Miscellaneous Quests;Lisbet's Missing Shipment;FreeformMarkarthE;;;Skyrim.esm:0753A1=FreeformMarkarthE;FreeformMarkarthE:20;override
242;Skyrim;Regions;The Reach;Miscellaneous Quests;Nimhe the Poisoned One;FreeformMarkarthO;;;Skyrim.esm:053804=FreeformMarkarthO;FreeformMarkarthO:20;override
243;Skyrim;Regions;The Reach;Miscellaneous Quests;Search and Seizure;FreeformMarkarthM;;;Skyrim.esm:064798=FreeformMarkarthM;FreeformMarkarthM:20;override
244;Skyrim;Regions;The Reach;Miscellaneous Quests;Skilled Apprenticeship;FreeformMarkarthL;;;Skyrim.esm:06099C=FreeformMarkarthL;FreeformMarkarthL:20;override
245;Skyrim;Regions;The Reach;Miscellaneous Quests;Speak to Degaine;T01Intro|T01DegaineFavor;;;Skyrim.esm:0C5940=T01Intro|Skyrim.esm:0D45F4=T01DegaineFavor;T01Intro:20|T01DegaineFavor:100;override
246;Skyrim;Regions;The Reach;Miscellaneous Quests;Sanuarach Mine;FreeformKarthwastenA;;;Skyrim.esm:0622E8=FreeformKarthwastenA;FreeformKarthwastenA:35;override
247;Skyrim;Regions;The Reach;Miscellaneous Quests;Gharol's Message;FreeformDushnikhYalA;;;Skyrim.esm:09976E=FreeformDushnikhYalA;FreeformDushnikhYalA:20;override
248;Skyrim;Regions;The Reach;Miscellaneous Quests;The Ghost of Old Hroldan;FreeformOldHroldanB;;;Skyrim.esm:06819A=FreeformOldHroldanB;FreeformOldHroldanB:100;override
249;Skyrim;Regions;The Reach;Miscellaneous Quests;Kolskeggr Mine;FreeformKolskeggrA;;;Skyrim.esm:01FD72=FreeformKolskeggrA;FreeformKolskeggrA:100;override
250;Skyrim;Regions;The Reach;Miscellaneous Quests;Rogatus's Letter;FreeformSalviusFarmA;;;Skyrim.esm:0931BF=FreeformSalviusFarmA;FreeformSalviusFarmA:20;override
251;Skyrim;Regions;The Reach;Miscellaneous Quests;Thane of the Reach;Favor250;;;;;handle
252;Skyrim;Regions;The Rift;Other Quests;Promises to Keep;MS03;;;Skyrim.esm:01DA3C=MS03;;flag
253;Skyrim;Regions;The Rift;Other Quests;Unfathomable Depths;MS04;;;Skyrim.esm:0209CA=MS04;;flag
254;Skyrim;Regions;The Rift;Miscellaneous Quests;Bloody Nose;FreeformRiften19;;;Skyrim.esm:065C30=FreeformRiften19;FreeformRiften19:200;override
255;Skyrim;Regions;The Rift;Miscellaneous Quests;Bring It!;FreeformRiften16;;;Skyrim.esm:0557F3=FreeformRiften16;FreeformRiften16:200;override
256;Skyrim;Regions;The Rift;Miscellaneous Quests;Caught Red Handed;FreeformRiften11;;;Skyrim.esm:041F91=FreeformRiften11;FreeformRiften11:200;override
257;Skyrim;Regions;The Rift;Miscellaneous Quests;Distant Memories;FreeformRiften08;;;Skyrim.esm:05331B=FreeformRiften08;FreeformRiften08:200;override
258;Skyrim;Regions;The Rift;Miscellaneous Quests;Few and Far Between;FreeformRiften04;;;Skyrim.esm:053308=FreeformRiften04;FreeformRiften04:200;override
259;Skyrim;Regions;The Rift;Miscellaneous Quests;Grimsever's Return;FreeformRiften09;;;Skyrim.esm:05331C=FreeformRiften09;;flag
260;Skyrim;Regions;The Rift;Miscellaneous Quests;Helping Hand;FreeformRiften12;;;Skyrim.esm:041FD2=FreeformRiften12;FreeformRiften12:200;override
261;Skyrim;Regions;The Rift;Miscellaneous Quests;Hunt and Gather;FreeformRiften14;;;Skyrim.esm:043E25=FreeformRiften14;FreeformRiften14:200;override
262;Skyrim;Regions;The Rift;Miscellaneous Quests;Ice Cold;FreeformRiften07;;;Skyrim.esm:05331A=FreeformRiften07;FreeformRiften07:200;override
263;Skyrim;Regions;The Rift;Miscellaneous Quests;Pilgrimage;FreeformRiften13;;;Skyrim.esm:043E1A=FreeformRiften13;FreeformRiften13:200;override
264;Skyrim;Regions;The Rift;Miscellaneous Quests;Ringmaker;FreeformRiften18;;;Skyrim.esm:05B3A5=FreeformRiften18;FreeformRiften18:200;override
265;Skyrim;Regions;The Rift;Miscellaneous Quests;Sealing the Deal;FreeformRiften06;;;Skyrim.esm:053318=FreeformRiften06;;flag
266;Skyrim;Regions;The Rift;Miscellaneous Quests;Special Delivery;FreeformRiften15;;;Skyrim.esm:0557E9=FreeformRiften15;FreeformRiften15:200;override
267;Skyrim;Regions;The Rift;Miscellaneous Quests;Spread the Love;FreeformRiften05;;;Skyrim.esm:053309=FreeformRiften05;FreeformRiften05:200;override
268;Skyrim;Regions;The Rift;Miscellaneous Quests;Stabilized;FreeformRiften22;;;Skyrim.esm:0C1E07=FreeformRiften22;FreeformRiften22:200;override
269;Skyrim;Regions;The Rift;Miscellaneous Quests;Stoking the Flames;FreeformRiften10;;;Skyrim.esm:05331D=FreeformRiften10;;flag
270;Skyrim;Regions;The Rift;Miscellaneous Quests;Supply and Demand;FreeformRiften01;;;Skyrim.esm:053305=FreeformRiften01;;flag
271;Skyrim;Regions;The Rift;Miscellaneous Quests;The Bonds of Matrimony;RelationshipMarriage;;;Skyrim.esm:074793=RelationshipMarriage;RelationshipMarriage:100;override
272;Skyrim;Regions;The Rift;Miscellaneous Quests;The Lover's Requital;FreeformRiften02;;;Skyrim.esm:053306=FreeformRiften02;;flag
273;Skyrim;Regions;The Rift;Miscellaneous Quests;The Raid;FreeformRiften20;;;Skyrim.esm:085D40=FreeformRiften20;FreeformRiften20:200;override
274;Skyrim;Regions;The Rift;Miscellaneous Quests;Thane of the Rift;FreeformRiftenThane;;;;;handle
275;Skyrim;Regions;The Rift;Miscellaneous Quests;Truth Ore Consequences;FreeformRiften17;;;Skyrim.esm:05B2DE=FreeformRiften17;FreeformRiften17:200;override
276;Skyrim;Regions;The Rift;Miscellaneous Quests;Under the Table;FreeformRiften03;;;Skyrim.esm:053307=FreeformRiften03;;flag
277;Skyrim;Regions;The Rift;Miscellaneous Quests;Vald's Debt;FreeformValdDebt;;;Skyrim.esm:0C04BA=FreeformValdDebt;FreeformValdDebt:200;override
278;Skyrim;Regions;The Rift;Miscellaneous Quests;Climb the Steps;FreeformIvarstead04;;;Skyrim.esm:0D9B66=FreeformIvarstead04;;flag
279;Skyrim;Regions;The Rift;Miscellaneous Quests;Grin and Bear It;FreeformIvarstead03;;;Skyrim.esm:0D9B65=FreeformIvarstead03;;flag
280;Skyrim;Regions;The Rift;Miscellaneous Quests;The Straw that Broke;FreeformIvarstead02;;;Skyrim.esm:0D9B64=FreeformIvarstead02;;flag
281;Skyrim;Regions;The Rift;Miscellaneous Quests;Bow to the Master;FreeformMerryfairFarm;;;Skyrim.esm:0E3E9B=FreeformMerryfairFarm;;flag
282;Skyrim;Regions;The Rift;Miscellaneous Quests;Smooth Jazbay;FreeformSarethiFarm;;;Skyrim.esm:0E3308=FreeformSarethiFarm;;flag
283;Skyrim;Regions;The Rift;Miscellaneous Quests;Mine or Yours;FreeformShorsStone01;;;Skyrim.esm:0E49E7=FreeformShorsStone01;;flag
284;Skyrim;Regions;The Rift;Miscellaneous Quests;Special Delivery;FreeformShorsStone02;;;Skyrim.esm:0E49E8=FreeformShorsStone02;FreeformShorsStone02:200;override
285;Skyrim;Regions;Whiterun Hold;Other Quests;In My Time Of Need;MS08;;;Skyrim.esm:01CF25=MS08;;flag
286;Skyrim;Regions;Whiterun Hold;Other Quests;Missing In Action;MS09;;;Skyrim.esm:01CF26=MS09;;flag
287;Skyrim;Regions;Whiterun Hold;Other Quests;The Golden Claw;MS13;;;Skyrim.esm:039645=MS13;;flag
288;Skyrim;Regions;Whiterun Hold;Miscellaneous Quests;Argonian Ale Extraction;FreeformWhiterunQuest02;;;Skyrim.esm:09380B=FreeformWhiterunQuest02;;flag
289;Skyrim;Regions;Whiterun Hold;Miscellaneous Quests;Bullying Braith;FreeformWhiterunQuest01;;;Skyrim.esm:0934F9=FreeformWhiterunQuest01;;flag
290;Skyrim;Regions;Whiterun Hold;Miscellaneous Quests;Greatsword for a Great Man;FreeformWhiterunQuest03;;;Skyrim.esm:0946FD=FreeformWhiterunQuest03;;flag
291;Skyrim;Regions;Whiterun Hold;Miscellaneous Quests;Andurs' Arkay Amulet;FreeformWhiterunQuest04;;;Skyrim.esm:094E3C=FreeformWhiterunQuest04;;flag
292;Skyrim;Regions;Whiterun Hold;Miscellaneous Quests;Salt for Arcadia;FreeformWhiterunQuest05;;;Skyrim.esm:094E3F=FreeformWhiterunQuest05;;flag
293;Skyrim;Regions;Whiterun Hold;Miscellaneous Quests;A Lovely Letter;FreeformRiverwood01;;;Skyrim.esm:074A83=FreeformRiverwood01;FreeformRiverwood01:310;override
294;Skyrim;Regions;Whiterun Hold;Miscellaneous Quests;Erik the Slayer;RoriksteadFreeform;;;Skyrim.esm:04EC52=RoriksteadFreeform;;flag
295;Skyrim;Regions;Whiterun Hold;Miscellaneous Quests;Thane of Whiterun;Favor253;;;;;handle
296;Skyrim;Regions;Falkreath Hold;;Dark Ancestor;FreeformFalkreathQuest03|FreeformFalkreathQuest03B;;;Skyrim.esm:0B83C3=FreeformFalkreathQuest03|Skyrim.esm:0D6986=FreeformFalkreathQuest03B;;flag
297;Skyrim;Regions;Falkreath Hold;;Composure Speed and Precision;dunArcherQST;;;Skyrim.esm:0CAB3C=dunArcherQST;dunArcherQST:100;override
298;Skyrim;Regions;Falkreath Hold;;Thane of Falkreath;Favor258;;;;;handle
299;Skyrim;Regions;The Pale;;Salty Sea-Dogs;FreeformShipsDawnstar;;;Skyrim.esm:094152=FreeformShipsDawnstar;;flag
300;Skyrim;Regions;The Pale;;Thane of the Pale;Favor256;;;;;handle
301;Skyrim;Regions;Winterhold;;Drowned Sorrows;FreeformWinterholdC;;;Skyrim.esm:064EA8=FreeformWinterholdC;;flag
302;Skyrim;Regions;Winterhold;;Thane of Winterhold;Favor257;;;;;handle
303;Skyrim;AE;Ghosts of the Tribunal;;Ghosts of the Tribunal;ccASVSSE001_Quest;;;ccasvsse001-almsivi.esm:000CC3=ccASVSSE001_Quest;;flag
304;Skyrim;AE;Ghosts of the Tribunal;;Buyer Beware;ccASVSSE001_QuestA;;;ccasvsse001-almsivi.esm:000CA0=ccASVSSE001_QuestA;;flag
305;Skyrim;AE;Ghosts of the Tribunal;;Her Word Against Theirs;ccASVSSE001_QuestB;;;ccasvsse001-almsivi.esm:000F19=ccASVSSE001_QuestB;;flag
306;Skyrim;AE;Ghosts of the Tribunal;;Careless Curation;ccASVSSE001_QuestC;;;ccasvsse001-almsivi.esm:000F1A=ccASVSSE001_QuestC;;flag
307;Skyrim;AE;Ghosts of the Tribunal;;Ashen Heart;ccASVSSE001_QuestD;;;ccasvsse001-almsivi.esm:00117A=ccASVSSE001_QuestD;;flag
308;Skyrim;AE;Ghosts of the Tribunal;;Trueflame;ccASVSSE001_QuestE;;;ccasvsse001-almsivi.esm:0990EF=ccASVSSE001_QuestE;;flag
309;Skyrim;AE;Balance of Power;;Balance of Power;ccBGSSSE025_QuestA;;;ccbgssse025-advdsgs.esm:000912=ccBGSSSE025_QuestA;;flag
310;Skyrim;AE;Balance of Power;;Restoring Order;ccBGSSSE025_QuestB;;;ccbgssse025-advdsgs.esm:000913=ccBGSSSE025_QuestB;;flag
311;Skyrim;AE;Balance of Power;;Staada Quest;ccBGSSSE025_StaadaQuest;;;ccbgssse025-advdsgs.esm:198277=ccBGSSSE025_StaadaQuest;;flag
312;Skyrim;AE;Balance of Power;;Amber and Madness Smithing;ccBGSSSE025_MiscQuest_AmberMadnessGear;;;ccbgssse025-advdsgs.esm:000C4D=ccBGSSSE025_MiscQuest_AmberMadnessGear;;flag
313;Skyrim;AE;Balance of Power;;Golden and Dark Smithing;ccBGSSSE025_MiscQuest_GSDSGearBook;;;ccbgssse025-advdsgs.esm:000C4B=ccBGSSSE025_MiscQuest_GSDSGearBook;;flag
314;Skyrim;AE;Balance of Power;;Nerveshatter;ccBGSSSE025_MiscQuest_Nerveshatter;;;ccbgssse025-advdsgs.esm:0010BF=ccBGSSSE025_MiscQuest_Nerveshatter;;flag
315;Skyrim;AE;First Catch;;First Catch;ccBGSSSE001_Start_MQ1;;;ccbgssse001-fish.esm:0009D3=ccBGSSSE001_Start_MQ1;;flag
316;Skyrim;AE;First Catch;;Angler Acquaintances;ccBGSSSE001_Start_MQ2;;;ccbgssse001-fish.esm:0009DB=ccBGSSSE001_Start_MQ2;;flag
317;Skyrim;AE;First Catch;;Catch of the Day;ccBGSSSE001_Fish_MQ1;;;ccbgssse001-fish.esm:0009DE=ccBGSSSE001_Fish_MQ1;;flag
318;Skyrim;AE;First Catch;;Caught in the Rain;ccBGSSSE001_Fish_MQ2;;;ccbgssse001-fish.esm:0009EB=ccBGSSSE001_Fish_MQ2;;flag
319;Skyrim;AE;First Catch;;Frozen Fish;ccBGSSSE001_Fish_MQ3;;;ccbgssse001-fish.esm:0009E8=ccBGSSSE001_Fish_MQ3;;flag
320;Skyrim;AE;First Catch;;Darkest Depths;ccBGSSSE001_Fish_MQ4;;;ccbgssse001-fish.esm:0009DD=ccBGSSSE001_Fish_MQ4;;flag
321;Skyrim;AE;First Catch;;Fishing Legend;ccBGSSSE001_Fish_MQ5;;;ccbgssse001-fish.esm:0009DC=ccBGSSSE001_Fish_MQ5;;flag
322;Skyrim;AE;First Catch;;In A Pinch;ccBGSSSE001_Crab_MQ1;;;ccbgssse001-fish.esm:0009D4=ccBGSSSE001_Crab_MQ1;;flag
323;Skyrim;AE;First Catch;;Crustacean Extermination;ccBGSSSE001_Crab_MQ2;;;ccbgssse001-fish.esm:0009DA=ccBGSSSE001_Crab_MQ2;;flag
324;Skyrim;AE;First Catch;;End of the Line;ccBGSSSE001_Crab_MQ3;;;ccbgssse001-fish.esm:0009D6=ccBGSSSE001_Crab_MQ3;;flag
325;Skyrim;AE;First Catch;;Wave Breaker;ccBGSSSE001_Crab_MQ4;;;ccbgssse001-fish.esm:0009E9=ccBGSSSE001_Crab_MQ4;;flag
326;Skyrim;AE;First Catch;;Stocking Up;ccBGSSSE001_Radiant_1;;;;;handle
327;Skyrim;AE;First Catch;;Further Study;ccBGSSSE001_Radiant_2;;;;;handle
328;Skyrim;AE;First Catch;;Rubbish Retrieval;ccBGSSSE001_Radiant_3;;;;;handle
329;Skyrim;AE;First Catch;;Beneath Bronze Waters;ccBGSSSE001_Misc_Dwarven;;;ccbgssse001-fish.esm:000AD6=ccBGSSSE001_Misc_Dwarven;;flag
330;Skyrim;AE;First Catch;;Clear-Headed;ccBGSSSE001_Misc_Falkreath;;;ccbgssse001-fish.esm:0009EC=ccBGSSSE001_Misc_Falkreath;;flag
331;Skyrim;AE;First Catch;;Spirits Away;ccBGSSSE001_Misc_Khajiit;;;ccbgssse001-fish.esm:0009E2=ccBGSSSE001_Misc_Khajiit;;flag
332;Skyrim;AE;First Catch;;Private Lessons;ccBGSSSE001_Misc_Markarth;;;ccbgssse001-fish.esm:0009DF=ccBGSSSE001_Misc_Markarth;;flag
333;Skyrim;AE;First Catch;;No Contest;ccBGSSSE001_Misc_Morthal;;;ccbgssse001-fish.esm:0009E4=ccBGSSSE001_Misc_Morthal;;flag
334;Skyrim;AE;First Catch;;The Ultimate Feast;ccBGSSSE001_Misc_Solitude;;;ccbgssse001-fish.esm:0009E3=ccBGSSSE001_Misc_Solitude;;flag
335;Skyrim;AE;First Catch;;Tusked Terror;ccBGSSSE001_Misc_Windhelm;;;ccbgssse001-fish.esm:0009D5=ccBGSSSE001_Misc_Windhelm;;flag
336;Skyrim;AE;First Catch;;Heart of Gold;ccBGSSSE001_Misc_WhiterunPartOne;;;ccbgssse001-fish.esm:000E5D=ccBGSSSE001_Misc_WhiterunPartOne;;flag
337;Skyrim;AE;First Catch;;Two of a Kind;ccBGSSSE001_Misc_WhiterunPartTwo;;;ccbgssse001-fish.esm:0009D7=ccBGSSSE001_Misc_WhiterunPartTwo;;flag
338;Skyrim;AE;A Dying Wish;;A Dying Wish;ccKRTSSE001_zQuest;;;cckrtsse001_altar.esl:000D63=ccKRTSSE001_zQuest;;flag
339;Skyrim;AE;A Dying Wish;;Fortunate Son;ccKRTSSE001_QuestFortune;;;cckrtsse001_altar.esl:000A90=ccKRTSSE001_QuestFortune;;flag
340;Skyrim;AE;A Dying Wish;;The Pit;ccKRTSSE001_QuestPower;;;cckrtsse001_altar.esl:000A5E=ccKRTSSE001_QuestPower;;flag
341;Skyrim;AE;Forgotten Seasons;;Forgotten Seasons;DLCDwarvenPuzzleDungeonQuest01;;;cctwbsse001-puzzledungeon.esm:0038D9=DLCDwarvenPuzzleDungeonQuest01;;flag
342;Skyrim;AE;Forgotten Seasons;;The Dwarven Crown;DLCDwarvenPuzzleDungeonCrownQuest;;;cctwbsse001-puzzledungeon.esm:0038DB=DLCDwarvenPuzzleDungeonCrownQuest;;flag
343;Skyrim;AE;Forgotten Seasons;;The Dwarven Horse;DLCDwarvenPuzzleDungeonHorseQuest;;;cctwbsse001-puzzledungeon.esm:0038DA=DLCDwarvenPuzzleDungeonHorseQuest;;flag
344;Skyrim;AE;The Unquiet Dead;;The Unquiet Dead;ccVSVSSE004_MainQuest;;;ccvsvsse004-beafarmer.esl:000D28=ccVSVSSE004_MainQuest;;flag
345;Skyrim;AE;The Unquiet Dead;;A Farmer's Life For Me;ccVSVSSE004_RestoreFarmQuest;;;ccvsvsse004-beafarmer.esl:000EB7=ccVSVSSE004_RestoreFarmQuest;;flag
346;Skyrim;AE;A Soul Divided;;A Soul Divided;ccBGSSSE013_AquisitionQuest;;;ccbgssse013-dawnfang.esl:000F18=ccBGSSSE013_AquisitionQuest;;flag
347;Skyrim;AE;A Soul Divided;;Bloodthirst;ccBGSSSE013_BloodthirstQuest;;;ccbgssse013-dawnfang.esl:000CA6=ccBGSSSE013_BloodthirstQuest;ccBGSSSE013_BloodthirstQuest:40;override
348;Skyrim;AE;The Pilgrim's Path;;The Pilgrim's Path;ccMTYSSE001_Quest;;;ccmtysse001-knightsofthenine.esl:000865=ccMTYSSE001_Quest;;flag
349;Skyrim;AE;The Pilgrim's Path;;Relics of the Crusader;ccMTYSSE001_StartupQuest_Alt;;;ccmtysse001-knightsofthenine.esl:00083C=ccMTYSSE001_StartupQuest_Alt;ccMTYSSE001_StartupQuest_Alt:100;override
350;Skyrim;AE;The Restless;;The Restless;ccBGSSSE031_QUEST;;;ccbgssse031-advcyrus.esm:000FDC=ccBGSSSE031_QUEST;;flag
351;Skyrim;AE;The Restless;;Restless Home Quest;ccBGSSSE031_HomeQuest;;;ccbgssse031-advcyrus.esm:001624=ccBGSSSE031_HomeQuest;ccBGSSSE031_HomeQuest:30;override
352;Skyrim;AE;The Cause;;The Cause;ccBGSSSE067_Quest;;;ccbgssse067-daedinv.esm:06BFC1=ccBGSSSE067_Quest;ccBGSSSE067_Quest:400;override
353;Skyrim;AE;The Cause;;The Consequences;ccBGSSSE067_Quest2;;;ccbgssse067-daedinv.esm:19952A=ccBGSSSE067_Quest2;;flag
354;Skyrim;AE;Other Quests;;A Matter of Pride;ccBGSSSE005_MainQuest;;;ccbgssse005-goldbrand.esl:000838=ccBGSSSE005_MainQuest;;flag
355;Skyrim;AE;Other Quests;;Battle of the Champions;ccFFBSSE001_Quest;;;ccffbsse001-imperialdragon.esl:000927=ccFFBSSE001_Quest;;flag
356;Skyrim;AE;Other Quests;;Beyond the Grave;ccBGSSSE050_Quest;;;ccbgssse050-ba_daedric.esl:000822=ccBGSSSE050_Quest;;flag
357;Skyrim;AE;Other Quests;;Blood in the Water;ccBGSSSE068_Quest;;;ccbgssse068-bloodfall.esl:00080D=ccBGSSSE068_Quest;;flag
358;Skyrim;AE;Other Quests;;Blue in the Face;ccBGSSSE040_Quest;;;ccbgssse040-advobgobs.esl:0009B6=ccBGSSSE040_Quest;;flag
359;Skyrim;AE;Other Quests;;Bones for a Crow;ccBGSSSE059_Quest;;;ccbgssse059-ba_dragonplate.esl:000824=ccBGSSSE059_Quest;;flag
360;Skyrim;AE;Other Quests;;Brothers in Irons;ccBGSSSE052_Quest;;;ccbgssse052-ba_iron.esl:000822=ccBGSSSE052_Quest;;flag
361;Skyrim;AE;Other Quests;;Caught in a Web;ccBGSSSE069_Quest;;;ccbgssse069-contest.esl:000805=ccBGSSSE069_Quest;;flag
362;Skyrim;AE;Other Quests;;Creature of Legend;ccBGSSSE034_UnicornQuest;;;ccbgssse034-mntuni.esl:000DE8=ccBGSSSE034_UnicornQuest;;flag
363;Skyrim;AE;Other Quests;;Crypt of the Heart;ccEDHSSE002_Quest;;;ccedhsse002-splkntset.esl:000800=ccEDHSSE002_Quest;;flag
364;Skyrim;AE;Other Quests;;Double-Edged;ccBGSSSE053_Quest;;;ccbgssse053-ba_leather.esl:000826=ccBGSSSE053_Quest;;flag
365;Skyrim;AE;Other Quests;;Dreams of the Dead;ccRMSSSE001_Quest;;;ccrmssse001-necrohouse.esl:000CC4=ccRMSSSE001_Quest;;flag
366;Skyrim;AE;Other Quests;;Fan Favorite;ccBGSSSE062_Quest;;;ccbgssse062-ba_dwarvenmail.esl:00081A=ccBGSSSE062_Quest;;flag
367;Skyrim;AE;Other Quests;;Gambler's Edge;ccBGSSSE055_Quest;;;ccbgssse055-ba_orcishscaled.esl:000830=ccBGSSSE055_Quest;;flag
368;Skyrim;AE;Other Quests;;Gift of Kynareth;ccBGSSSE021_LordsMailQuest;;;ccbgssse021-lordsmail.esl:000813=ccBGSSSE021_LordsMailQuest;;flag
369;Skyrim;AE;Other Quests;;Guests for Dinner;ccEEJSSE005_Quest;;;cceejsse005-cave.esm:0B7AED=ccEEJSSE005_Quest;;flag
370;Skyrim;AE;Other Quests;;Heart of Crimson;ccBGSSSE063_Quest;;;ccbgssse063-ba_ebony.esl:000840=ccBGSSSE063_Quest;;flag
371;Skyrim;AE;Other Quests;;Hendraheim;ccEEJSSE004_Quest;;;cceejsse004-hall.esl:000C4F=ccEEJSSE004_Quest;;flag
372;Skyrim;AE;Other Quests;;Horse Whisperer;ccBGSSSE034_WildHorsesQuest;;;ccbgssse034-mntuni.esl:000D65=ccBGSSSE034_WildHorsesQuest;ccBGSSSE034_WildHorsesQuest:10;override
373;Skyrim;AE;Other Quests;;If I had a Hammer;ccBGSSSE006_Quest;;;ccbgssse006-stendarshammer.esl:000805=ccBGSSSE006_Quest;;flag
374;Skyrim;AE;Other Quests;;In the Shadows;ccBGSSSE038_Quest;;;ccbgssse038-bowofshadows.esl:00080E=ccBGSSSE038_Quest;;flag
375;Skyrim;AE;Other Quests;;Interception;ccEDHSSE003_Quest;;;ccedhsse003-redguard.esl:00088C=ccEDHSSE003_Quest;;flag
376;Skyrim;AE;Other Quests;;Legends Lost;ccBGSSSE008_Quest;;;ccbgssse008-wraithguard.esl:000AB0=ccBGSSSE008_Quest;;flag
377;Skyrim;AE;Other Quests;;Let Sleeping Wolves Lie;ccBGSSSE036_PetBWolfAcquisitionQuest;;;ccbgssse036-petbwolf.esl:000829=ccBGSSSE036_PetBWolfAcquisitionQuest;;flag
378;Skyrim;AE;Other Quests;;Mightier than the Sword;ccBGSSSE061_Quest;;;ccbgssse061-ba_dwarven.esl:000829=ccBGSSSE061_Quest;;flag
379;Skyrim;AE;Other Quests;;Missing Merchant;ccBGSSSE051_Quest;;;ccbgssse051-ba_daedricmail.esl:000819=ccBGSSSE051_Quest;;flag
380;Skyrim;AE;Other Quests;;More than you can Chew;ccBGSSSE041_Quest;;;ccbgssse041-netchleather.esl:00081C=ccBGSSSE041_Quest;;flag
381;Skyrim;AE;Other Quests;;My Pet Mudcrab;ccBGSSSE010_PetPurchaseQuest;;;ccbgssse010-petdwarvenarmoredmudcrab.esl:000808=ccBGSSSE010_PetPurchaseQuest;ccBGSSSE010_PetPurchaseQuest:20;override
382;Skyrim;AE;Other Quests;;My Pet Nix-Hound;ccBGSSSE035_PetAcquireQuest;;;ccbgssse035-petnhound.esl:00080A=ccBGSSSE035_PetAcquireQuest;ccBGSSSE035_PetAcquireQuest:40;override
383;Skyrim;AE;Other Quests;;Myrwatch;ccEEJSSE002_MageTowerQuest;;;cceejsse002-tower.esl:000FF3=ccEEJSSE002_MageTowerQuest;;flag
384;Skyrim;AE;Other Quests;;Night Hunter;ccBGSSSE043_VampireHunterQuest;;;ccbgssse043-crosselv.esl:00089E=ccBGSSSE043_VampireHunterQuest;;flag
385;Skyrim;AE;Other Quests;;Nordic Jewelry;ccEDHSSE001_CraftsmanEncounterQuest;;;ccedhsse001-norjewel.esl:00082F=ccEDHSSE001_CraftsmanEncounterQuest;ccEDHSSE001_CraftsmanEncounterQuest:255;override
386;Skyrim;AE;Other Quests;;Once a Hunter;ccBGSSSE064_Quest;;;ccbgssse064-ba_elven.esl:000819=ccBGSSSE064_Quest;;flag
387;Skyrim;AE;Other Quests;;Pets of Skyrim;ccVSVSSE002_MainQuest;;;ccvsvsse002-pets.esl:0008C8=ccVSVSSE002_MainQuest;;flag
388;Skyrim;AE;Other Quests;;Put A Fork In It;ccBGSSSE019_StaffOfSheogorathQuest;;;ccbgssse019-staffofsheogorath.esl:000822=ccBGSSSE019_StaffOfSheogorathQuest;;flag
389;Skyrim;AE;Other Quests;;Saturalia Preparation;ccVSVSSE001_MainQuest;;;ccvsvsse001-winter.esl:00082B=ccVSVSSE001_MainQuest;ccVSVSSE001_MainQuest:20;override
390;Skyrim;AE;Other Quests;;Shadowfoot Sanctum;ccEEJSSE003_HouseQuest;;;cceejsse003-hollow.esl:00082A=ccEEJSSE003_HouseQuest;;flag
391;Skyrim;AE;Other Quests;;Stealer of Souls;ccBGSSSE002_SoulStealerQuest;;;ccbgssse002-exoticarrows.esl:00081E=ccBGSSSE002_SoulStealerQuest;ccBGSSSE002_SoulStealerQuest:30;override
392;Skyrim;AE;Other Quests;;Swift as an Arrow;ccBGSSSE002_TelekinesisArrowQuest;;;ccbgssse002-exoticarrows.esl:000835=ccBGSSSE002_TelekinesisArrowQuest;;flag
393;Skyrim;AE;Other Quests;;The Arms of Chaos;ccPEWSSE002_Quest;;;ccpewsse002-armsofchaos.esl:000819=ccPEWSSE002_Quest;;flag
394;Skyrim;AE;Other Quests;;The Edge of Ruin;ccBGSSSE004_Quest;;;ccbgssse004-ruinsedge.esl:00080C=ccBGSSSE004_Quest;;flag
395;Skyrim;AE;Other Quests;;The Gray Cowl of Nocturnal;ccBGSSSE020_Quest;;;ccbgssse020-graycowl.esl:00080F=ccBGSSSE020_Quest;;flag
396;Skyrim;AE;Other Quests;;The Lost Paladin;ccBGSSSE007_Quest;;;ccbgssse007-chrysamere.esl:000809=ccBGSSSE007_Quest;ccBGSSSE007_Quest:1000;override
397;Skyrim;AE;Other Quests;;The Rising Dead;ccBGSSSE003_ZombieQuestStartEncounter;;;ccbgssse003-zombies.esl:00083D=ccBGSSSE003_ZombieQuestStartEncounter;;flag
398;Skyrim;AE;Other Quests;;The Sanctuary and the Manufactory;ccAARSSE001ManufactoryControlQuest;;;ccafdsse001-dwesanctuary.esm:000A39=ccAARSSE001ManufactoryControlQuest;;flag
399;Skyrim;AE;Other Quests;;The Staff of Hasedoki;ccBGSSSE045_Quest;;;ccbgssse045-hasedoki.esl:000823=ccBGSSSE045_Quest;;flag
400;Skyrim;AE;Other Quests;;Tilted Scales;ccBGSSSE060_Quest|ccBGSSSE060_MiscQuest;;;ccbgssse060-ba_dragonscale.esl:00081B=ccBGSSSE060_Quest|ccbgssse060-ba_dragonscale.esl:00081A=ccBGSSSE060_MiscQuest;ccBGSSSE060_MiscQuest:20;override
401;Skyrim;AE;Other Quests;;Unholy Vigil;ccMTYSSE002_Quest;;;ccmtysse002-ve.esl:000926=ccMTYSSE002_Quest;;flag
402;Skyrim;AE;Other Quests;;Vile Whispers;ccBGSSSE016_UmbraMainQuest;;;ccbgssse016-umbra.esm:0021B6=ccBGSSSE016_UmbraMainQuest;;flag
403;Skyrim;AE;Other Quests;;When the Cat's Away;ccBGSSSE056_Quest;;;ccbgssse056-ba_silver.esl:000814=ccBGSSSE056_Quest;;flag
404;Dawnguard;Dawnguard;Main Quests;;Dawnguard;DLC1VQ01MiscObjective;;;Dawnguard.esm:00D06C=DLC1VQ01MiscObjective;;flag
405;Dawnguard;Dawnguard;Main Quests;;Awakening;DLC1VQ01;;;Dawnguard.esm:00352A=DLC1VQ01;;flag
406;Dawnguard;Dawnguard;Main Quests;;Bloodline;DLC1VQ02;;;Dawnguard.esm:002F65=DLC1VQ02;;flag
407;Dawnguard;Dawnguard;Main Quests;;Chasing Echoes;DLC1VQ04;;;Dawnguard.esm:00284F=DLC1VQ04;;flag
408;Dawnguard;Dawnguard;Main Quests;;Scroll Scouting;DLC1VQElderHandler;;;Dawnguard.esm:0181BF=DLC1VQElderHandler;;flag
409;Dawnguard;Dawnguard;Main Quests;;Beyond Death;DLC1VQ05;;;Dawnguard.esm:002850=DLC1VQ05;;flag
410;Dawnguard;Dawnguard;Main Quests;;Seeking Disclosure;DLC1VQElder;;;Dawnguard.esm:005DA9=DLC1VQElder;;flag
411;Dawnguard;Dawnguard;Main Quests;;Unseen Visions;DLC1VQ06;;;Dawnguard.esm:002852=DLC1VQ06;;flag
412;Dawnguard;Dawnguard;Main Quests;;Touching the Sky;DLC1VQ07;;;Dawnguard.esm:002853=DLC1VQ07;;flag
413;Dawnguard;Dawnguard;Main Quests;;Kindred Judgment;DLC1VQ08;;;Dawnguard.esm:007C25=DLC1VQ08;;flag
414;Dawnguard;Dawnguard;Main Quests;Dawnguard;A New Order;DLC1HunterBaseIntro;;;Dawnguard.esm:004E24=DLC1HunterBaseIntro;;flag
415;Dawnguard;Dawnguard;Main Quests;Dawnguard;Prophet;DLC1VQ03Hunter;;;Dawnguard.esm:0098CB=DLC1VQ03Hunter;;flag
416;Dawnguard;Dawnguard;Main Quests;Vampire;The Bloodstone Chalice;DLC1VampireBaseIntro;;;Dawnguard.esm:00594C=DLC1VampireBaseIntro;;flag
417;Dawnguard;Dawnguard;Main Quests;Vampire;Prophet;DLC1VQ03Vampire;;;Dawnguard.esm:004C3D=DLC1VQ03Vampire;;flag
418;Dawnguard;Dawnguard;Other Quests;;Durnehviir;DLC1VQDragon;;;Dawnguard.esm:00C73A=DLC1VQDragon;DLC1VQDragon:60;override
419;Dawnguard;Dawnguard;Other Quests;;Forgotten Vale Books;DLC1VQFVBooks;;;Dawnguard.esm:01A3E4=DLC1VQFVBooks;DLC1VQFVBooks:200;override
420;Dawnguard;Dawnguard;Other Quests;;Impatience of a Saint;DLC1VQSaint;;;Dawnguard.esm:01400B=DLC1VQSaint;;flag
421;Dawnguard;Dawnguard;Other Quests;;Lost to the Ages;DLC1LD;;;Dawnguard.esm:005817=DLC1LD;DLC1LD:225;override
422;Dawnguard;Dawnguard;Other Quests;;Find Arvak's Skull;DLC01SoulCairnHorseQuest2;;;Dawnguard.esm:0163CD=DLC01SoulCairnHorseQuest2;DLC01SoulCairnHorseQuest2:170;override
423;Dawnguard;Dawnguard;Other Quests;;Surgery;DLC1Surgery;;;Dawnguard.esm:00697C=DLC1Surgery;DLC1Surgery:20;override
424;Dawnguard;Dawnguard;Miscellaneous Quests;Dawnguard;Hide and Seek;DLC1RH01;;;;;handle
425;Dawnguard;Dawnguard;Miscellaneous Quests;Dawnguard;Cleansing Light;DLC1RH02;;;;;handle
426;Dawnguard;Dawnguard;Miscellaneous Quests;Dawnguard;Preemptive Strike;DLC1RH03;;;;;handle
427;Dawnguard;Dawnguard;Miscellaneous Quests;Dawnguard;Hunting the Monster;DLC1RH04;;;;;handle
428;Dawnguard;Dawnguard;Miscellaneous Quests;Dawnguard;Ancient Technology;DLC1RH05;;;;;handle
429;Dawnguard;Dawnguard;Miscellaneous Quests;Dawnguard;Rescue;DLC1RH06;;;;;handle
430;Dawnguard;Dawnguard;Miscellaneous Quests;Dawnguard;A Jarl's Justice;DLC1RH07;;;;;handle
431;Dawnguard;Dawnguard;Miscellaneous Quests;Dawnguard;Lost Relic;DLC1RH08;;;;;handle
432;Dawnguard;Dawnguard;Miscellaneous Quests;Dawnguard;Bolstering the Ranks;DLC1HunterBaseStage2;;;Dawnguard.esm:013F1F=DLC1HunterBaseStage2;;flag
433;Dawnguard;Dawnguard;Miscellaneous Quests;Vampire;The Hunt;DLC1RV01;;;;;handle
434;Dawnguard;Dawnguard;Miscellaneous Quests;Vampire;Culling the Beast;DLC1RV02;;;;;handle
435;Dawnguard;Dawnguard;Miscellaneous Quests;Vampire;Deceiving the Herd;DLC1RV03;;;;;handle
436;Dawnguard;Dawnguard;Miscellaneous Quests;Vampire;Protecting the Bloodline;DLC1RV04;;;;;handle
437;Dawnguard;Dawnguard;Miscellaneous Quests;Vampire;Ancient Power;DLC1RV05;;;;;handle
438;Dawnguard;Dawnguard;Miscellaneous Quests;Vampire;The Gift;DLC1RV06;;;;;handle
439;Dawnguard;Dawnguard;Miscellaneous Quests;Vampire;New Allegiances;DLC1RV07;;;;;handle
440;Dawnguard;Dawnguard;Miscellaneous Quests;Vampire;Rings of Blood Magic;DLC1RV08;;;Dawnguard.esm:00CE06=DLC1RV08;;flag
441;Dawnguard;Dawnguard;Miscellaneous Quests;Vampire;Amulets of Night Power;DLC1RV09;;;Dawnguard.esm:00CE0B=DLC1RV09;;flag
442;Dawnguard;Dawnguard;Miscellaneous Quests;Vampire;Destroying the Dawnguard;DLC1RV10;;;Dawnguard.esm:019938=DLC1RV10;;flag
443;Dragonborn;Dragonborn;Main Quests;;Dragonborn;DLC2MQ01;;;Dragonborn.esm:017F8E=DLC2MQ01;;flag
444;Dragonborn;Dragonborn;Main Quests;;The Temple of Miraak;DLC2MQ02;;;Dragonborn.esm:017F8F=DLC2MQ02;;flag
445;Dragonborn;Dragonborn;Main Quests;;The Fate of the Skaal;DLC2MQ03;;;Dragonborn.esm:017F90=DLC2MQ03;;flag
446;Dragonborn;Dragonborn;Main Quests;;Cleansing the Stones;DLC2MQ03B;;;Dragonborn.esm:035440=DLC2MQ03B;;flag
447;Dragonborn;Dragonborn;Main Quests;;The Path of Knowledge;DLC2MQ04;;;Dragonborn.esm:016E1F=DLC2MQ04;;flag
448;Dragonborn;Dragonborn;Main Quests;;The Gardener of Men;DLC2MQ05;;;Dragonborn.esm:0179DE=DLC2MQ05;;flag
449;Dragonborn;Dragonborn;Main Quests;;At the Summit of Apocrypha;DLC2MQ06;;;Dragonborn.esm:0179D7=DLC2MQ06;;flag
450;Dragonborn;Dragonborn;Black Books;;Untold Legends;DLC2BlackBook03Quest;;;Dragonborn.esm:03216C=DLC2BlackBook03Quest;;flag
451;Dragonborn;Dragonborn;Black Books;;The Winds of Change;DLC2BlackBook04Quest;;;Dragonborn.esm:03216E=DLC2BlackBook04Quest;;flag
452;Dragonborn;Dragonborn;Black Books;;The Sallow Regent;DLC2BlackBook05Quest;;;Dragonborn.esm:03216D=DLC2BlackBook05Quest;;flag
453;Dragonborn;Dragonborn;Black Books;;Filament and Filigree;DLC2BlackBook06Quest;;;Dragonborn.esm:03216F=DLC2BlackBook06Quest;;flag
454;Dragonborn;Dragonborn;Black Books;;The Hidden Twilight;DLC2BlackBook07Quest;;;Dragonborn.esm:032170=DLC2BlackBook07Quest;;flag
455;Dragonborn;Dragonborn;Black Books;;Waking Dreams;DLC2MQ02;;1;Dragonborn.esm:017F8F=DLC2MQ02;;flag
456;Dragonborn;Dragonborn;Black Books;;Epistolary Acumen;DLC2MQ04;;1;Dragonborn.esm:016E1F=DLC2MQ04;;flag
457;Dragonborn;Dragonborn;Other Quests;;Deathbrand;DLC2dunHaknirTreasureQST;;;Dragonborn.esm:024002=DLC2dunHaknirTreasureQST;DLC2dunHaknirTreasureQST:200;override
458;Dragonborn;Dragonborn;Other Quests;;Kolbjorn Barrow;DLC2dunKolbjornMiscQST;;;Dragonborn.esm:02667E=DLC2dunKolbjornMiscQST;DLC2dunKolbjornMiscQST:30;override
459;Dragonborn;Dragonborn;Other Quests;;Summoning Karstaag;DLC2dunKarstaagQST;;;Dragonborn.esm:0247F8=DLC2dunKarstaagQST;DLC2dunKarstaagQST:30;override
460;Dragonborn;Dragonborn;Other Quests;;The Ebony Warrior;DLC2EbonyWarriorQuest;;;Dragonborn.esm:02C49E=DLC2EbonyWarriorQuest;;flag
461;Dragonborn;Dragonborn;Other Quests;;The Kagrumez Gauntlet;DLC2KagrumezQST;;;Dragonborn.esm:03166D=DLC2KagrumezQST;;flag
462;Dragonborn;Dragonborn;Other Quests;;Unearthed;DLC2dunKolbjornQST;;;Dragonborn.esm:01810B=DLC2dunKolbjornQST;DLC2dunKolbjornQST:600;override
463;Dragonborn;Dragonborn;Other Quests;;Black Book;DLC2WE06;;;Dragonborn.esm:027A14=DLC2WE06;DLC2WE06:255;override
464;Dragonborn;Dragonborn;Other Quests;;Lost Knowledge;DLC2TTR1;;;Dragonborn.esm:01B65F=DLC2TTR1;;flag
465;Dragonborn;Dragonborn;Other Quests;;Cultists vs Player;DLC2WE09;;;Dragonborn.esm:0331C0=DLC2WE09;DLC2WE09:255;override
466;Dragonborn;Dragonborn;Other Quests;;Hrodulf's House;DLC2dunHrodulf;;;;;handle
467;Dragonborn;Dragonborn;Raven Rock Quests;;An Axe to Find;DLC2RR03Intro;;;Dragonborn.esm:020A1C=DLC2RR03Intro;;flag
468;Dragonborn;Dragonborn;Raven Rock Quests;;Clean Sweep;DLC2RRFavor03;;;Dragonborn.esm:024DFC=DLC2RRFavor03;DLC2RRFavor03:200;override
469;Dragonborn;Dragonborn;Raven Rock Quests;;Feeding the Addiction;DLC2RRFavor06;;;Dragonborn.esm:024FAD=DLC2RRFavor06;;flag
470;Dragonborn;Dragonborn;Raven Rock Quests;;Fetch the Netch;DLC2RRFavor02;;;Dragonborn.esm:024DE7=DLC2RRFavor02;;flag
471;Dragonborn;Dragonborn;Raven Rock Quests;;First Edition;DLC2RRFavor07;;;Dragonborn.esm:02BAC6=DLC2RRFavor07;;flag
472;Dragonborn;Dragonborn;Raven Rock Quests;;It's All In The Taste;DLC2RRFavor04;;;Dragonborn.esm:024E04=DLC2RRFavor04;;flag
473;Dragonborn;Dragonborn;Raven Rock Quests;;March of the Dead;DLC2RR01;;;Dragonborn.esm:018B13=DLC2RR01;;flag
474;Dragonborn;Dragonborn;Raven Rock Quests;;Paid in Full;DLC2TGQuest;;;Dragonborn.esm:02AD26=DLC2TGQuest;;flag
475;Dragonborn;Dragonborn;Raven Rock Quests;;Pain in the Necklace;DLC2RRFavor05;;;;;handle
476;Dragonborn;Dragonborn;Raven Rock Quests;;Recipe for Distraction;DLC2RRFavor01;;;Dragonborn.esm:024DDE=DLC2RRFavor01;;flag
477;Dragonborn;Dragonborn;Raven Rock Quests;;Served Cold;DLC2RR02;;;Dragonborn.esm:018B14=DLC2RR02;;flag
478;Dragonborn;Dragonborn;Raven Rock Quests;;The Final Descent;DLC2RR03;;;Dragonborn.esm:018B15=DLC2RR03;;flag
479;Dragonborn;Dragonborn;Thirsk Quests;;Elmus;DLC2ThirskFFElmus;;;Dragonborn.esm:038EBF=DLC2ThirskFFElmus;;flag
480;Dragonborn;Dragonborn;Thirsk Quests;Rieklings;The Chief of Thirsk Hall;DLC2MH02;;;Dragonborn.esm:01A50C=DLC2MH02;;flag
481;Dragonborn;Dragonborn;Thirsk Quests;Nords;Retaking Thirsk;DLC2MH01;;;Dragonborn.esm:01A50B=DLC2MH01;;flag
482;Dragonborn;Dragonborn;Thirsk Quests;Nords;Hilund;DLC2ThirskFFHilund;;;Dragonborn.esm:038FBB=DLC2ThirskFFHilund;;flag
483;Dragonborn;Dragonborn;Thirsk Quests;Nords;Elmus;DLC2ThirskFFElmusBack;;;Dragonborn.esm:038EC4=DLC2ThirskFFElmusBack;;flag
484;Dragonborn;Dragonborn;Thirsk Quests;Nords;Halbarn;DLC2ThirskFFHalbarn;;;Dragonborn.esm:038FBC=DLC2ThirskFFHalbarn;;flag
485;Dragonborn;Dragonborn;Tel Mithryn Quests;;A New Debt;DLC2TT1b;;;Dragonborn.esm:01844E=DLC2TT1b;;flag
486;Dragonborn;Dragonborn;Tel Mithryn Quests;;Azra's Staffs;DLC2TTR7;;;Dragonborn.esm:01BD18=DLC2TTR7;;flag
487;Dragonborn;Dragonborn;Tel Mithryn Quests;;Briarheart Necropsy;DLC2TTR5;;;Dragonborn.esm:01C05C=DLC2TTR5;;flag
488;Dragonborn;Dragonborn;Tel Mithryn Quests;;Experimental Subject;DLC2TTR4a;;;Dragonborn.esm:01B664=DLC2TTR4a;;flag
489;Dragonborn;Dragonborn;Tel Mithryn Quests;;Experimental Subject;DLC2TTR4b;;;Dragonborn.esm:01CDE1=DLC2TTR4b;;flag
490;Dragonborn;Dragonborn;Tel Mithryn Quests;;From the Ashes;DLC2TTF1;;;Dragonborn.esm:01AAB0=DLC2TTF1;;flag
491;Dragonborn;Dragonborn;Tel Mithryn Quests;;Healing a House;DLC2TTF2;;;Dragonborn.esm:01AAC8=DLC2TTF2;;flag
492;Dragonborn;Dragonborn;Tel Mithryn Quests;;Heart Stones;DLC2TTR2;;;Dragonborn.esm:01C06E=DLC2TTR2;;flag
493;Dragonborn;Dragonborn;Tel Mithryn Quests;;Hunting and Gathering;DLC2TTR8;;;;;handle
494;Dragonborn;Dragonborn;Tel Mithryn Quests;;Old Friends;DLC2TT2;;;Dragonborn.esm:0195A1=DLC2TT2;;flag
495;Dragonborn;Dragonborn;Tel Mithryn Quests;;Reluctant Steward;DLC2TT1;;;Dragonborn.esm:017E8D=DLC2TT1;;flag
496;Dragonborn;Dragonborn;Tel Mithryn Quests;;Telvanni Research;DLC2TTR3a;;;Dragonborn.esm:01B65D=DLC2TTR3a;;flag
497;Dragonborn;Dragonborn;Tel Mithryn Quests;;Wind and Sand;DLC2TTR3b;;;Dragonborn.esm:01D8D1=DLC2TTR3b;;flag
498;Dragonborn;Dragonborn;Skaal Village Quests;;A New Source of Stalhrim;DLC2SV02;;;Dragonborn.esm:01CAF1=DLC2SV02;;flag
499;Dragonborn;Dragonborn;Skaal Village Quests;;Filial Bonds;DLC2WB01;;;Dragonborn.esm:0209AE=DLC2WB01;;flag
500;Dragonborn;Dragonborn;Skaal Village Quests;;Lost Legacy;DLC2SV01;;;Dragonborn.esm:019B4A=DLC2SV01;;flag
501;Dragonborn;Dragonborn;Skaal Village Quests;;Skaal Village Dialogue;DLC2SkaalVillageFreeform1;;;Dragonborn.esm:02C8AA=DLC2SkaalVillageFreeform1;DLC2SkaalVillageFreeform1:200;override
502;Dragonborn;Dragonborn;Skaal Village Quests;;Convince Nikulas to stay in Skaal Village;DLC2SkaalVillageFreeform2;;;Dragonborn.esm:031787=DLC2SkaalVillageFreeform2;DLC2SkaalVillageFreeform2:200;override
503;Townsfolk Requests;Townsfolk Requests;Chop Wood;;Ganna Uriel;FavorJobsChopWood;;;;;handle
504;Townsfolk Requests;Townsfolk Requests;Chop Wood;;Gilfre;FavorJobsChopWood;;;;;handle
505;Townsfolk Requests;Townsfolk Requests;Chop Wood;;Hert;FavorJobsChopWood;;;;;handle
506;Townsfolk Requests;Townsfolk Requests;Chop Wood;;Horgeir;FavorJobsChopWood;;;;;handle
507;Townsfolk Requests;Townsfolk Requests;Chop Wood;;Hjorunn;FavorJobsChopWood;;;;;handle
508;Townsfolk Requests;Townsfolk Requests;Chop Wood;;Hroggar;FavorJobsChopWood;;;;;handle
509;Townsfolk Requests;Townsfolk Requests;Chop Wood;;Jorgen;FavorJobsChopWood;;;;;handle
510;Townsfolk Requests;Townsfolk Requests;Chop Wood;;Aeri;FavorJobsChopWood;;;;;handle
511;Townsfolk Requests;Townsfolk Requests;Chop Wood;;Grosta;FavorJobsChopWood;;;;;handle
512;Townsfolk Requests;Townsfolk Requests;Chop Wood;;Temba Wide-Arm;FavorJobsChopWood;;;;;handle
513;Townsfolk Requests;Townsfolk Requests;Chop Wood;;Hod;FavorJobsChopWood;;;;;handle
514;Townsfolk Requests;Townsfolk Requests;Chop Wood;;Hulda;FavorJobsChopWood;;;;;handle
515;Townsfolk Requests;Townsfolk Requests;Mine Ore;;Verner Rock-Chucker;FavorJobsMineOre;;;;;handle
516;Townsfolk Requests;Townsfolk Requests;Mine Ore;;Dushnamub;FavorJobsMineOre;;;;;handle
517;Townsfolk Requests;Townsfolk Requests;Mine Ore;;Kjeld;FavorJobsMineOre;;;;;handle
518;Townsfolk Requests;Townsfolk Requests;Mine Ore;;Gestur Rockbreaker;FavorJobsMineOre;;;;;handle
519;Townsfolk Requests;Townsfolk Requests;Mine Ore;;Beitild;FavorJobsMineOre;;;;;handle
520;Townsfolk Requests;Townsfolk Requests;Mine Ore;;Leigelf;FavorJobsMineOre;;;;;handle
521;Townsfolk Requests;Townsfolk Requests;Mine Ore;;Gharol;FavorJobsMineOre;;;;;handle
522;Townsfolk Requests;Townsfolk Requests;Mine Ore;;Pavo Attius;FavorJobsMineOre;;;;;handle
523;Townsfolk Requests;Townsfolk Requests;Mine Ore;;Skaggi Scar-Face;FavorJobsMineOre;;;;;handle
524;Townsfolk Requests;Townsfolk Requests;Mine Ore;;Shuftharz;FavorJobsMineOre;;;;;handle
525;Townsfolk Requests;Townsfolk Requests;Mine Ore;;Perth;FavorJobsMineOre;;;;;handle
526;Townsfolk Requests;Townsfolk Requests;Mine Ore;;Grogmar gro-Burzag;FavorJobsMineOre;;;;;handle
527;Townsfolk Requests;Townsfolk Requests;Mine Ore;;Thorgar;FavorJobsMineOre;;;;;handle
528;Townsfolk Requests;Townsfolk Requests;Gather Wheat;;Bolfrida Brandy-Mug;FavorJobsGatherWheat;;;;;handle
529;Townsfolk Requests;Townsfolk Requests;Gather Wheat;;Belyn Hlaalu;FavorJobsGatherWheat;;;;;handle
530;Townsfolk Requests;Townsfolk Requests;Gather Wheat;;Tulvur;FavorJobsGatherWheat;;;;;handle
531;Townsfolk Requests;Townsfolk Requests;Gather Wheat;;Mathies;FavorJobsGatherWheat;;;;;handle
532;Townsfolk Requests;Townsfolk Requests;Gather Wheat;;Katla;FavorJobsGatherWheat;;;;;handle
533;Townsfolk Requests;Townsfolk Requests;Gather Wheat;;Azzada Lylvieve;FavorJobsGatherWheat;;;;;handle
534;Townsfolk Requests;Townsfolk Requests;Gather Wheat;;Vigdis Salvius;FavorJobsGatherWheat;;;;;handle
535;Townsfolk Requests;Townsfolk Requests;Gather Wheat;;Synda Llanith;FavorJobsGatherWheat;;;;;handle
536;Townsfolk Requests;Townsfolk Requests;Gather Wheat;;Addvild;FavorJobsGatherWheat;;;;;handle
537;Townsfolk Requests;Townsfolk Requests;Gather Wheat;;Avrusa Sarethi;FavorJobsGatherWheat;;;;;handle
538;Townsfolk Requests;Townsfolk Requests;Gather Wheat;;Boti;FavorJobsGatherWheat;;;;;handle
539;Townsfolk Requests;Townsfolk Requests;Gather Wheat;;Alfhild Battle-Born;FavorJobsGatherWheat;;;;;handle
540;Townsfolk Requests;Townsfolk Requests;Gather Wheat;;Severio Pelagia;FavorJobsGatherWheat;;;;;handle
541;Townsfolk Requests;Townsfolk Requests;Gather Wheat;;Reldith;FavorJobsGatherWheat;;;;;handle
542;Townsfolk Requests;Townsfolk Requests;Gather Wheat;;Lemkil;FavorJobsGatherWheat;;;;;handle
543;Townsfolk Requests;Townsfolk Requests;Fight! Fight!;;Chief Mauhulakh;Favor017;;;;;handle
544;Townsfolk Requests;Townsfolk Requests;Fight! Fight!;;Rolff Stone-Fist;Favor017;;;;;handle
545;Townsfolk Requests;Townsfolk Requests;Fight! Fight!;;Cosnach;Favor017;;;;;handle
546;Townsfolk Requests;Townsfolk Requests;Fight! Fight!;;Benor;Favor017;;;;;handle
547;Townsfolk Requests;Townsfolk Requests;Fight! Fight!;;Chief Burguk;Favor017;;;;;handle
548;Townsfolk Requests;Townsfolk Requests;Fight! Fight!;;Chief Larak;Favor017;;;;;handle
549;Townsfolk Requests;Townsfolk Requests;Fight! Fight!;;Uthgerd the Unbroken;Favor017;;;;;handle
550;Townsfolk Requests;Townsfolk Requests;All Beggars Have;;Angrenor Once-Honored;FavorJobsBeggars;;;;;handle
551;Townsfolk Requests;Townsfolk Requests;All Beggars Have;;Silda the Unseen;FavorJobsBeggars;;;;;handle
552;Townsfolk Requests;Townsfolk Requests;All Beggars Have;;Dervenin;FavorJobsBeggars;;;;;handle
553;Townsfolk Requests;Townsfolk Requests;All Beggars Have;;Noster Eagle-Eye;FavorJobsBeggars;;;;;handle
554;Townsfolk Requests;Townsfolk Requests;All Beggars Have;;Svari;FavorJobsBeggars;;;;;handle
555;Townsfolk Requests;Townsfolk Requests;All Beggars Have;;Edda;FavorJobsBeggars;;;;;handle
556;Townsfolk Requests;Townsfolk Requests;All Beggars Have;;Snilf;FavorJobsBeggars;;;;;handle
557;Townsfolk Requests;Townsfolk Requests;All Beggars Have;;Narfi;FavorJobsBeggars;;;;;handle
558;Townsfolk Requests;Townsfolk Requests;All Beggars Have;;Degaine;FavorJobsBeggars;;;;;handle
559;Townsfolk Requests;Townsfolk Requests;All Beggars Have;;Brenuin;FavorJobsBeggars;;;;;handle
560;Townsfolk Requests;Townsfolk Requests;All Beggars Have;;Lucia;FavorJobsBeggars;;;;;handle
561;Townsfolk Requests;Townsfolk Requests;All Drunks Have;;Torbjorn Shatter-Shield;FavorJobsDrunks;;;;;handle
562;Townsfolk Requests;Townsfolk Requests;All Drunks Have;;Razelan;FavorJobsDrunks;;;;;handle
563;Townsfolk Requests;Townsfolk Requests;All Drunks Have;;Karl;FavorJobsDrunks;;;;;handle
564;Townsfolk Requests;Townsfolk Requests;All Drunks Have;;Cosnach;FavorJobsDrunks;;;;;handle
565;Townsfolk Requests;Townsfolk Requests;All Drunks Have;;Degaine;FavorJobsDrunks;;;;;handle
566;Townsfolk Requests;Townsfolk Requests;All Drunks Have;;Embry;FavorJobsDrunks;;;;;handle
567;Townsfolk Requests;Townsfolk Requests;All Drunks Have;;Ranmir;FavorJobsDrunks;;;;;handle
568;Townsfolk Requests;Townsfolk Requests;Rare Gifts;;Brand-Shei;Favor110;;;;;handle
569;Townsfolk Requests;Townsfolk Requests;Rare Gifts;;Captain Aldis;Favor110;;;;;handle
570;Townsfolk Requests;Townsfolk Requests;Rare Gifts;;Lami;Favor110;;;;;handle
571;Townsfolk Requests;Townsfolk Requests;Rare Gifts;;Rustleif;Favor110;;;;;handle
572;Townsfolk Requests;Townsfolk Requests;Rare Gifts;;Siddgeir;Favor110;;;;;handle
573;Townsfolk Requests;Townsfolk Requests;Rare Gifts;;Torbjorn;Favor110;;;;;handle
574;Townsfolk Requests;Townsfolk Requests;Rare Gifts;;Ysolda;Favor110;;;;;handle
575;Townsfolk Requests;Townsfolk Requests;Delivery;;Adonato Leotelli;Favor001;;;;;handle
576;Townsfolk Requests;Townsfolk Requests;Delivery;;Aeri;Favor001;;;;;handle
577;Townsfolk Requests;Townsfolk Requests;Delivery;;Banning;Favor001;;;;;handle
578;Townsfolk Requests;Townsfolk Requests;Delivery;;Idgrod the Younger;Favor001;;;;;handle
579;Townsfolk Requests;Townsfolk Requests;Delivery;;Sondas Drenim;Favor001;;;;;handle
580;Townsfolk Requests;Townsfolk Requests;Delivery;;Thadgeir;Favor001;;;;;handle
581;Townsfolk Requests;Townsfolk Requests;Delivery;;Hillevi Cruel-Sea;FreeformWindhelmA;;;;;handle
582;Townsfolk Requests;Townsfolk Requests;Delivery;;Sorex Vinius;SolitudeFreeform04;;;;;handle
583;Townsfolk Requests;Townsfolk Requests;Dungeon Delving;;Recover Hrolfdir's Shield;Favor157;;;;;handle
584;Townsfolk Requests;Townsfolk Requests;Dungeon Delving;;Find the Helm of Winterhold;Favor158;;;;;handle
585;Townsfolk Requests;Townsfolk Requests;Dungeon Delving;;Amren's Sword;Favor204;;;;;handle
586;Townsfolk Requests;Townsfolk Requests;Dungeon Delving;;Shahvee's Amulet;Favor204;;;;;handle
587;Townsfolk Requests;Townsfolk Requests;Dungeon Delving;;Retrieve the Ring of Pure Mixtures;Favor205;;;;;handle
588;Townsfolk Requests;Townsfolk Requests;Dungeon Delving;;Find Runil's Journal;Favor205;;;;;handle
589;Townsfolk Requests;Townsfolk Requests;Dungeon Delving;;Find Noster's Helmet;Favor205;;;;;handle
590;Townsfolk Requests;Townsfolk Requests;Dungeon Delving;;Find Roggi Knot-Beard's Ancestral Shield;Favor205;;;;;handle
591;Townsfolk Requests;Townsfolk Requests;Dungeon Delving;;Queen Freydis's Sword;Favor205;;;;;handle
592;Townsfolk Requests;Townsfolk Requests;A Few Words with You;;Carlotta Valentia;Favor013;;;;;handle
593;Townsfolk Requests;Townsfolk Requests;A Few Words with You;;Haran;Favor013;;;;;handle
594;Townsfolk Requests;Townsfolk Requests;A Few Words with You;;Iddra;Favor013;;;;;handle
595;Townsfolk Requests;Townsfolk Requests;A Few Words with You;;Octieve San;Favor013;;;;;handle
596;Townsfolk Requests;Townsfolk Requests;A Few Words with You;;Omluag;Favor013;;;;;handle
597;Townsfolk Requests;Townsfolk Requests;A Few Words with You;;Scouts-Many-Marshes;Favor013;;;;;handle
598;Townsfolk Requests;Townsfolk Requests;Alchemy Tutorial;;Arcadia;TutorialAlchemy;;;;;handle
599;Townsfolk Requests;Townsfolk Requests;Alchemy Tutorial;;Orgnar;TutorialAlchemy;;;;;handle
600;Townsfolk Requests;Townsfolk Requests;Alchemy Tutorial;;Zaria;TutorialAlchemy;;;;;handle
601;Townsfolk Requests;Townsfolk Requests;Enchanting Tutorial;;Farengar Secret-Fire's;TutorialEnchanting;;;;;handle
602;Townsfolk Requests;Townsfolk Requests;Blacksmithing Tutorial;;Adrianne Avenicci;TutorialBlacksmithing;;;;;handle
603;Townsfolk Requests;Townsfolk Requests;Blacksmithing Tutorial;;Alvor;TutorialBlacksmithing;;;;;handle
604;Townsfolk Requests;Townsfolk Requests;Other Quests;;Kill the Bandit Leader;Favor104;;;;;handle
605;Townsfolk Requests;Townsfolk Requests;Other Quests;;Buy Dwarven artifact;WIAddItem07;;;;;handle
